-- phpMyAdmin SQL Dump
-- version 4.2.11
-- http://www.phpmyadmin.net
--
-- Host: 127.0.0.1
-- Generation Time: Apr 22, 2015 at 02:59 AM
-- Server version: 5.6.21
-- PHP Version: 5.6.3

SET SQL_MODE = "NO_AUTO_VALUE_ON_ZERO";
SET time_zone = "+00:00";


/*!40101 SET @OLD_CHARACTER_SET_CLIENT=@@CHARACTER_SET_CLIENT */;
/*!40101 SET @OLD_CHARACTER_SET_RESULTS=@@CHARACTER_SET_RESULTS */;
/*!40101 SET @OLD_COLLATION_CONNECTION=@@COLLATION_CONNECTION */;
/*!40101 SET NAMES utf8 */;

--
-- Database: `system`
--

-- --------------------------------------------------------

--
-- Table structure for table `system_login`
--

CREATE TABLE IF NOT EXISTS `system_login` (
`user_id` int(36) NOT NULL,
  `username` varchar(36) NOT NULL,
  `password` varchar(36) NOT NULL,
  `user_type` enum('admin','regular') NOT NULL
) ENGINE=InnoDB AUTO_INCREMENT=5 DEFAULT CHARSET=latin1;

--
-- Dumping data for table `system_login`
--

INSERT INTO `system_login` (`user_id`, `username`, `password`, `user_type`) VALUES
(1, 'fredrick.abayie', '1abc7eda679aa56fa6d9b65ad978dc4a', 'admin'),
(2, 'david.tandoh', '3fb632cfa5cad21c60cd926dd58f684a', 'regular'),
(3, 'mohammed.dahir', '5676fcf05e12a5510c6b92ceea06c0fa', 'regular'),
(4, 'julateh.kpannah', '32b0365979c0a08f8a117bbc3caaa2bf', 'regular');

-- --------------------------------------------------------

--
-- Table structure for table `system_tasks`
--

CREATE TABLE IF NOT EXISTS `system_tasks` (
`task_id` int(36) NOT NULL,
  `task_title` varchar(255) NOT NULL,
  `task_description` longtext NOT NULL,
  `user_id` int(36) NOT NULL,
  `task_collaborator` int(10) NOT NULL,
  `task_start_date` date NOT NULL,
  `task_end_date` date NOT NULL,
  `task_status` enum('ongoing','completed') NOT NULL
) ENGINE=InnoDB AUTO_INCREMENT=189 DEFAULT CHARSET=latin1;

--
-- Dumping data for table `system_tasks`
--

INSERT INTO `system_tasks` (`task_id`, `task_title`, `task_description`, `user_id`, `task_collaborator`, `task_start_date`, `task_end_date`, `task_status`) VALUES
(1, 'Malaria Research', 'Africa needs to discover new frontiers in the course of fighting poverty amongst her people.  Ghana, the gateway to Africa, must lead the way, and education of these street and vulnerable children is the key.  SCEF believes that street children have a right to a dignified childhood through which they are given the opportunity to receive an education and explore their voice and their rights as human beings', 1, 2, '0000-00-00', '0000-00-00', 'completed'),
(2, 'Blood Diseases', 'Recently, especially following the pressing of sexual abuse charges against a James Town resident on three separate accounts, SCEF has identified sexual abuse as a major challenge plaguing street girls and women in James Town. We have begun sexual abuse awareness workshops with our female students to inform them of their rights regarding their own bodies and safety.', 3, 0, '0000-00-00', '0000-00-00', 'completed'),
(3, 'Ebola Research', 'This is just a quick announcement on what to do should the network go down during the Easter break. Please contact Kingston Deladem Kofi Coker class of 2015 or Momodou K. Sowe class of 2017. They will both be on campus throughout the break and they know what to check before contacting Segla or myself.', 2, 4, '2015-04-01', '2015-04-21', 'completed'),
(4, 'Aids Epidemic', 'As you should know, Friday April 3 and Monday April 6 are both public holidays and classes will not be in session, nor will the administration offices be open.  The campus however, will remain open with limited services. The campus however, will remain open with limited services. Classes will resume on Tuesday April 7. The application process is very simple, apply now', 4, 3, '0000-00-00', '0000-00-00', 'ongoing'),
(57, 'sdfgsdf', 'testing', 1, 4, '0000-00-00', '0000-00-00', 'ongoing'),
(77, 'lololol', 'hellllo test ooo...', 2, 0, '0000-00-00', '0000-00-00', 'completed'),
(140, 'tdkjfthlskdf', 'lkdjfhlkgjhdflghdlfkglsdkjfhg sldkfjhgslkdjfglskdjflgsrg            ', 3, 2, '0000-00-00', '0000-00-00', 'ongoing'),
(141, 'tdkjfthlskdf', 'lkdjfhlkgjhdflghdlfkglsdkjfhg sldkfjhgslkdjfglskdjflgsrg            ', 4, 3, '0000-00-00', '0000-00-00', 'completed'),
(142, 'tdkjfthlskdf', 'lkdjfhlkgjhdflghdlfkglsdkjfhg sldkfjhgslkdjfglskdjflgsrg            ', 1, 3, '0000-00-00', '0000-00-00', 'ongoing'),
(143, 'tdkjfthlskdf', 'lkdjfhlkgjhdflghdlfkglsdkjfhg sldkfjhgslkdjfglskdjflgsrg            ', 3, 4, '0000-00-00', '0000-00-00', 'ongoing'),
(144, 'tdkjfthlskdf', 'lkdjfhlkgjhdflghdlfkglsdkjfhg sldkfjhgslkdjfglskdjflgsrg            ', 1, 4, '0000-00-00', '0000-00-00', 'completed'),
(145, 'tdkjfthlskdf', 'lkdjfhlkgjhdflghdlfkglsdkjfhg sldkfjhgslkdjfglskdjflgsrg            ', 2, 4, '0000-00-00', '0000-00-00', 'completed'),
(146, 'tdkjfthlskdf', 'lkdjfhlkgjhdflghdlfkglsdkjfhg sldkfjhgslkdjfglskdjflgsrg            ', 1, 3, '0000-00-00', '0000-00-00', 'completed'),
(147, 'tdkjfthlskdf', 'lkdjfhlkgjhdflghdlfkglsdkjfhg sldkfjhgslkdjfglskdjflgsrg            ', 4, 2, '0000-00-00', '0000-00-00', 'completed'),
(150, 'jdhfsjl', 'jshdfljghsdlg            ', 1, 3, '0000-00-00', '0000-00-00', 'completed'),
(153, 'jdhfsjl', 'jshdfljghsdlg            ', 4, 4, '0000-00-00', '0000-00-00', 'completed'),
(160, 'Oh yeah wate', 'testing two one one', 2, 0, '0000-00-00', '0000-00-00', 'ongoing'),
(161, 'xkfjhlsgj', 'sjhfgskdjflgsd            ', 3, 2, '0000-00-00', '0000-00-00', 'completed'),
(162, 'xkfjhlsgj', 'sjhfgskdjflgsd            ', 2, 1, '0000-00-00', '0000-00-00', 'ongoing'),
(163, 'skfjhglskfg', 'kgsjdflgskjhfdlkgsd            ', 2, 4, '0000-00-00', '0000-00-00', 'completed'),
(164, 'Dave', 'creaed this             ', 2, 4, '0000-00-00', '0000-00-00', 'ongoing'),
(165, 'Dave', 'created another            ', 2, 3, '0000-00-00', '0000-00-00', 'completed'),
(166, 'Joe', 'created            ', 4, 2, '0000-00-00', '0000-00-00', 'ongoing'),
(167, 'Joe', 'created this            ', 4, 3, '0000-00-00', '0000-00-00', 'ongoing'),
(171, 'trying', 'email sending            ', 2, 4, '0000-00-00', '0000-00-00', 'ongoing'),
(179, 'ghvfhmgmvchgcmhg', 'gfdmgdmhgfdjmhgfmchgmfhgc            ', 3, 4, '0000-00-00', '0000-00-00', 'completed'),
(180, 'ssfdsfg', 'sdfgsdfg            ', 2, 3, '2015-04-21', '2015-04-24', 'completed'),
(181, 'adfgsdf', 'sdfgsdfg            ', 2, 3, '2015-04-21', '2015-04-25', 'completed'),
(184, 'srgtwhrth', 'fghdfhgdfg            ', 2, 4, '2015-04-01', '2015-04-17', 'ongoing'),
(185, 'yikjkgjrdk', 'ythjfhjkfhjkfhjkhjk            ', 2, 3, '2015-04-18', '2015-04-08', 'ongoing'),
(186, 'iulhjghjk', '            ghjkgjkghjkghjk', 2, 3, '2015-04-17', '2015-04-26', 'ongoing'),
(187, 'sjdfgsjg', 'jhsdjfbgsljdbglsjg            ', 2, 3, '2015-04-10', '2015-04-16', 'ongoing'),
(188, 'ryuryuryu', 'teyjryjukrykur            ', 2, 3, '2015-04-21', '2015-04-17', 'ongoing');

-- --------------------------------------------------------

--
-- Table structure for table `system_users`
--

CREATE TABLE IF NOT EXISTS `system_users` (
`user_id` int(50) NOT NULL,
  `user_fname` varchar(50) NOT NULL,
  `user_sname` varchar(50) NOT NULL,
  `user_picture` blob NOT NULL,
  `path` varchar(100) NOT NULL
) ENGINE=InnoDB AUTO_INCREMENT=5 DEFAULT CHARSET=latin1;

--
-- Dumping data for table `system_users`
--

INSERT INTO `system_users` (`user_id`, `user_fname`, `user_sname`, `user_picture`, `path`) VALUES
(1, 'Fredrick', 'Abayie', 0xffd8ffe000104a46494600010200000100010000ffdb0043000503040404030504040405050506070c08070707070f0a0b090c110f1212110f111013161c1713141a1510111821181a1c1d1f1f1f13172224221e241c1e1f1effdb0043010505050706070e08080e1e1411141e1e1e1e1e1e1e1e1e1e1e1e1e1e1e1e1e1e1e1e1e1e1e1e1e1e1e1e1e1e1e1e1e1e1e1e1e1e1e1e1e1e1e1e1e1e1e1e1e1effc00011080190019003012200021101031101ffc4001f0000010501010101010100000000000000000102030405060708090a0bffc400b5100002010303020403050504040000017d01020300041105122131410613516107227114328191a1082342b1c11552d1f02433627282090a161718191a25262728292a3435363738393a434445464748494a535455565758595a636465666768696a737475767778797a838485868788898a92939495969798999aa2a3a4a5a6a7a8a9aab2b3b4b5b6b7b8b9bac2c3c4c5c6c7c8c9cad2d3d4d5d6d7d8d9dae1e2e3e4e5e6e7e8e9eaf1f2f3f4f5f6f7f8f9faffc4001f0100030101010101010101010000000000000102030405060708090a0bffc400b51100020102040403040705040400010277000102031104052131061241510761711322328108144291a1b1c109233352f0156272d10a162434e125f11718191a262728292a35363738393a434445464748494a535455565758595a636465666768696a737475767778797a82838485868788898a92939495969798999aa2a3a4a5a6a7a8a9aab2b3b4b5b6b7b8b9bac2c3c4c5c6c7c8c9cad2d3d4d5d6d7d8d9dae2e3e4e5e6e7e8e9eaf2f3f4f5f6f7f8f9faffda000c03010002110311003f00fa4cc800cf391de98d92fc127bd3a58cafddc9fc2a12c55c1f4eb915958dc490e54e3ef61b355e55007af39c7ad4cee09cf0703a8e950bb67e5f4ee29022aca30f93c8f6ef513b123e53d0f522acbb647e9f5aad2281920fb628dc772066f981cf3bb8e3bf6a8c3770dc0152b8db91cfaf1491db4b2925530add5c9e949b0d4acf9c6064f3d4547e5bb909187393c0c55c71650021e579dbb04e9f89f4aaf36a13bc656309029e813a9fc7bd4bb8d04d686343f6a9163238db9191f855596ea08c130424e7bbf7fc2a0999433303cb7561deab3b124f3d7d69a7a0f9ae3e79e590ee9640e3a61ba0fc2aabc8c576925c8e99e48a701ce724eeed9a6ec62d8196e71c76a90dc648030df1fcc3a648fd2984107e51b71c702af25b3020b1d99e323afe35262c62721d915cfbee07e9e9409a450f2e4db954240e0b62a3d8d9f98ed5ec2b48dea0f92185ca9f5fc2a9bc32c8c18a00bd8668632062918e065b1dea35de491f746334b2a98d87c9cfad40cc7b9c51a12b71e5940c1e4f7f6a88bb3731e4fa1cd236c1939ebeb519902ed1927d2a6e3ea249f7b2c49c77a8890dc9a909c83c76a8c050339ebeb4363199c6e14d663bb1f95398804003279e734c1d7839007a74a4d808df73278a6e4f50411e869cb807009c8a6e30154e0e4d48988795246339e302851c96000e3d2866ce7d4535467804e07a1a4ed60245721b18193fad238e1881b4e7e6f55ffeb5491db5c4b861132ab7566e07e74f30dbc29996e959c0f9446b93f4cfa74a4ae0ca8e486f9f68cfe74f48e59146c466f53d00a7c770044a2381770ea5fe6fc4546f3c92005e46233d3a0fca802710c2a0f9b3af4fba8371a43711a38f220ec3e69393d7f2aabb79f971cd24838ee79ff269ad751dc95ee67970ad2311e8a703f2a8d8f24b63af18148c3200424e7ad342e5b24f4231435d45715882bf29ce79e4d46d966e78cd381dc393c8e314bd1700703a1c7e946c17233cb8f9b9cf4a5072bd3a76341e9c9f7a453bb385c0faf5a4d83dc562db32393d2a3030dd071fce9e415c751ed4d6c1c1ee0d207b815dcbce0e3b034d180dc8e9ea7f4a460b82338dc334adb7a95279e71da813570ddf291ca8ea7fa549048432124823a9a8cb67a8395f7a5dc4952bce3f4143b5acc4ae99d0e9b71e6c3820175e0e3bfbd59270413d3a74e95cfd95c18e50d8e08c356e42fbc2927008e95cae36674c19ec91c8b23f95b5e37e86275c1fc3b37fc078a6c88257242e33d08ed53bb4134662b8851d0f665cff00faaa0314eb27fa3c8248c1ff00572e41fc1873f983f857abcc73dca77103a6704e3bd537620e072476ad78d1e638d8f031ce04ca572707807386c804f04f4a5bab5d3e272b71234b30eab10e3f13401880f9ac36658938e3a54cd67e5737334712f50a4f27e828bbb9923dcb68890a0e9b07cdff00eaac99266dd92598924e4d2b8ae8bf2dd5ac2d8b68778fefbf1fa7e7542f6e259f9919baf40302a167418ed9a85e607a0e41fca8f41ee23b1076e78f6a8266cafae29725836339f614ab6f2b8fba4fb9344ae3dc85f7300303af4278ff00f5d336127270bc773577fb3ddb96709ee39a735adb44d871e677c9e3f4a10ac5202200f05cf4c2f0334e0662c1123087d31d2a7927b68cb2aa8c6470a315564be62018a355cf42dcd3d82f71ef6d2b00259f03273cd5722d2dc9662aec0f739a82e27918664766cf6078aa923312005181d854d9751dcbe350551b554b20fe0e060fb1fe87f3aae6f2420ec0aa3f8b3d6a9b01b72dc1f4a466c05238a80b8f9a699d4ee73f37a540793d493e8295db2bf39da73c1a638ea7b0ff003c51716a0dc7cd9c1e94cce3a8cfd291b1c0dc48a8df0a73cd26c5a9206c0c7a73cd31cbe7a714cdc3ef13c7d68ce5464e07b1eb49bd4ad588c3078cd3000a71d78ed5656de59173b362b7f131c7f3a4096b128ccbe630241080e3f3e94aed058aac70a07bd4a9693caa484c039c331da318fef1e94f7ba28a7ca8624ff6b196fccd579e591882f231e7bd160d8b063b68770927121ea1635e3f3e94dfb6aa3110dbc483d58ef6fad563866c13cd34b6546064d3482ec9aea69a56ccae5b3ea7fa546cc3b1273edd29a41c02464ff2a5c920629342b31caad90013cfdd23fad34e4b1ce3701d87069a0e1ced38f9b914e1d41c8e07d71536b0f562070141e8483d28009c13838a691bbe53827a8f7a5058ed6da49ef4c4291c004649a6b60f270074fa52e405c05fc68009618fc47f5a417b8d039e08e3bd3072793c64f7a902607b1ed4d2a006c1e4f434813d445c0072df8fad3587231c679e29e0039cf5f4c526323e6e450536203b8ee3e9f9d319815e571ed4e2a460f0076a47036800f4e4d4db513b91955639cf39fca86e3838e4f5cf5a936e3807df03f9d3a3b6b8955888c941d589c0fd69bdc4438192b938a141439ee3d38ab2608901df72bcf458d4b7ea38ed4196d500115b33be7ac8d8fc7148764411fcd28014fb60f27f0ad9d2eeade098a5f3b451a0c9dc3273fcff00a56535e5c6d6457d887f85062abee663bf6924f041ef5328dd8d3b6a8fa69ec9a26679e65847f0827e623e82aa49756f0362de132103efc9ff00c4d59ba1bf71dd9c1cf273dab2e707e51c0ef5e85ba9360bbbf3791b4175891586029fbbf80e9fd6ab16625bcb6122e785763803d8f5fe7f8543337de1f2fe0735519d810c8c7e5f7c7e94906c5a670d201b4ab0cfca7bfbe7a1fc0e7d6a9dcc48e0e54e4752290caee18489b831ee3fa505a55388572b8e43fcc07d3bfeb8f6a18ac8a46ca62f804edf539a7c76b144732373df9eb523396203cee0f40bd14fd0d0633901be539f989193da8d182623496d1a92a063d96a16b965198a3523d5ff00cf5a491447ca8de4f5cf415567775192dc0e3da8b8c59ee19f3be4704f3853503be782d8151ca5837054afad56694f38e45481333a06c0c1eec6ab4920eebd7de914e48653963d723a53400dd4fdda068898e07538a63618f427df39a95d39017f9d46e307a734982442dce4609a8ce40c1538a932cb838c7d462983258e48271b88a40c6a632475e284723031c7a1ea2a63652803ce2215f5738cff008d231b2463f334c48e98c0fce9496a08859772e5093edeb482d659115f0117a02c71fad3ee2e4bae2209084e9b383f9f53fcaa095a4660d2b172a3efe7f9d2db4024296b1a82c5a5247dd51803fad2b5c90d88238e353df193f9d56cff0012e09efcd3860a83d3f5a9d3a85c648cd3317766624e79e69847de3ce3a53f181dce3d28c646738ff3d29d892170a47ca7a76a69c1c6f047a54cdc720f4f4a69030de98a45223e31d73f4a4c60f033fa538e46d20671ed48723047ca7be68b08400019271cf7a690366e272700669c33c1c82bd81a41b8f391f8d0f713621cb018638fe7487a8e47d314a46187247a8038a5f942f07af5f6a4ca5b11b64eec00467a7426a41f3707a91c13e9460118ce79ce3140c707ef127ad20e80141eff0091eb4b8f61c50170c3e5c0f5f5a54de78032476ea69088dbe62bc503860dbbb71c5595b490f2ca133de4e282902304690bb77d9d3f33ff00d7a6909957e60a781cf73d734451cce410a5fdf1563ce48c32c70a11fde7f988fc3a7e34d92e257e1dd80e9b41c0fc8517006b5d9c4d2c31b6de8724fe42992fd9a33f2f992919cff02f4f7e7f9530838e1b3cf6f4a6b91c018e01a560bdc73dcb862628a289482461327a7a9e6a2999a505a5919d8819c9cd3f208c9c7526a160198aa8c8140d8de3073f8f348724e0e33f5a936b6067a13e99e69141e412093498866178c800ff003a55073de82b8208fba3b50e0b464819fa73f854b63b9f4948e1949c803d2a94cc841181b71dc7356ae6dd81c9caf038c540d6921393c0ec4d77dc9b99f342accc41dbefeb4cfb1b380d1a679f9b27a56af971c7c05de7b9a64cc4a08cb7cbd76ad26c664cb6a2155321dc7d2aac994049271e8056b4b9078c0fa550b948c9dc46e3dce69b1141dc280a1473c63a540728b98c1eb82ae72bf9f5fd71ed56665084955cfb03c5519a520f001ed9a4805790e76c8e23cf0379c29fc470698f08c905bf4cd559647c7af38e3a54226d85b0c401d8f41432913cb1c6064f5aa72469b89523754bf6952b862109e9bba1fc6a22492c36927a703bd4df4111ed1d01c8ebc5309c8e063f1eb567ec92677cc56141de43807f0eb411651827f7b39ea30703f1279fc290fa1576b13c2e4fe79a996c2678f74a56253cfce769a1efe508162096eb8fe01cfe679aacf3316df2b33e3b9efe9405ec4ed1d95bae099676e73fc29f9f27f4aad25dc884790a908c67e51f371c753cd21738ce393ce3ae2a2900f5c31f53405ee56b839662f977f56393513673d718ed53ba304e4fcd9ec38a84e719f4a96c1ee46064f1c7a814e18ced0719a0b631f9d44cc005e307b545d83dc9a48f04141dba6783ff00d7a8c36e628786039534818e40e79eb9144803a0cae79e36f6a6b40b8ecf2769c60f71d695f07e9db9a8f1205c365867afa7d69e002060fbfd68bea16b075032721bef534a818ed9fbc29402598e319a0e7a9c9c7b52dc5d088e09e7af4c520182140edf954bc0e47bd376061bb14eda82b8c50495248fafad211d4120e7dba54aaaed8088cdedb69de461c991963fafff005aa6e32b139e33c7b722808cc4312076eb5698dbc78c077fef1e83fc69af704731809ce32393f99a39ba02765622f22527e55c8ebb890053d22840cc9306cf554193fad238323876725bbe589a6f18c0c0cfa516b09b1fe6c29c2c45f3dd9ba7e148b34880a06d887ee95007e071daa31d4f5e7bd2024b73c0c7e5405c710c4e49dd9f534883a8c7269370519c291dfda9d9e840e3b7153ce26c690073d0d3483804377e69646272bc90dfa5377617e5e31c73d4d3b809819dddbd298e5188c2e3753ba75c1edcd46e30fc8201f5ed4ae0d03003003720e7a5378ce01e4f5c8a6b00cdb8a8140381d7afa8a95b0931c7077100d26e211b8a5270c30338ebcd33380589618e0034d15a0e1c2e460d275046578ebcd3a347738f29998f4da339a94db38cb48427fbcdb7f4a86fa08fa4deee28ce447b867ab0ff003cd5796f11b9dc7a7f176aa333ca9956008272581fcaa9cb2e4e4924742bd706bd0b86c5cb89b6a36307071552698a823355de4652718f739a81a7ea493e99a9d6e1726966c920f03eb5564946e2c4e71db34d6619c6fce063ad35239647023567f4006ea77b0c699b76588ce3a1eb5048a8ebcf5f515764d35a31fe953476f83ca93b9bfef91cfe9f8d46c6c613858649cf525ce17eb80680b3329ed8bb6d41b89e38ea7f0a8e5d3244c9b8616fdfe66c37e42b524bd9f0510a44a7f85005c8f7ee6a8ccbbc1e319eb52c45090d9c4a08492e71fdf1b57ebea7f4a812f27819cdb15855976ed41dbea79ab1716e42f0b54de21d0000fbd0311ae3749893219b9cb1c827fc6a36e831d3a0f6a4d99196a68254eec9f4009a96d85ae2b82011cf14c6f9860752734af2e3ef7ca4f7351b3315e0d0d8306183efd7af6a66f1924f5f5a634cbb72e703be4d42b306dc0b27af270695c09a4666c67207bd4581fd05364b88509f3268d00fef371ffebaae97b0bb1d92a924f041eb5371b2764ea39c76cd37601d33f8d08cc5c2b1019b95f7a9704a9c1c8db458342bed6de08e948095727bd4e71dc01c546cc8bcc8ea001c0268baea0213838e4e69a530414ca907f0ff003ef55a7bfb7898856dec3b819fd6a84fa9ceec7cb8d554fa9c9a4901b218e4c6e003e99cfe22a458599b2bd0f192702b9a6b89dd94bcae7073c71835a369a8b48c16e86e63fc7d7f3ff1aa7b09ee6ab2c484873bcf5c25344a07dc880ff69b9351ef063041c8f5a39181d7ebe951707b8ad24cc7059b6ff7474a6b7a0c7d28760071c0e94d0b83eb8ef4ee856148ca13bb3f5a6a939e7903d3a52924383f866a307d48e3d2a5c901283861b57e51d7da9a4af5538cfbd260aa8e78fad3395c81f8521b0ce3193934d272e7380294804ed071c77a4c648e9c7a517108090463e639c5245f7428242751ed4fc7ca7031cf14bb5b2326801a0160186571c734841dcc02f4e9fd4d3b6b025a30587f1281d7dc53bcb53897723023ea4d4290c8f83965cf4c600fbd4cc6e519c9c0e33c54e3ca0aa183311ff0114a084c0548d401c77fe7dea98b52bb216206d3bb032314e36cfe6624744038c93f37e42a62eeea33248c3dff00ad44c194e30bb474a5a21e8342c319e58b678c2ae052995541db0aa9e9c9cd21009dcdc1feb4d21c11c65bbd170d0733499f998fd00c0151b93ee47ae69594727383519f9700e181a5706cfa1a62ae0ee6efdeaa4f0ef046d5383d7a1fcfb56c4da7470826e6e563c632a8bbd873fa5557b8b3833e45a339fefcad9fd0715dd615d33145adcc8c122477e7a15feb504d6f1c52edbd97c8207ddfbc4feb8fe55af797d3ca0c723ed88701106d5fcab2e68d1946080c3823a8a422212d9418682d5a627ab4cd853cf180307f5229a752bb684234816351f7631b47e38ebf8d412c072426171e9fe1559cc8bc6ddc9fde51fd295ca2c87565cae07f5a63718383cf7aad9caf524fa9a033f424103b1a2f7112ed0470771ef513afcd95c11de97ce518da00cf6a4791d41c0c7af7a4c0637de271c1e391504cb19ec00029d24a4920703af155a56cf71eb52ee0cad3246490ad903daa85f5d436e079d2aa0ec1885cd45af6bba569285f50d42ded33d1a56da0fb57cfff0017bc4b7ba878836d8ea3e6d818c321864f948fa839ad231e61a5d8f7c86f629400af9de0e2997b731c1133799b5539393dabe5df08f8f354f0fde36f66b9b491c19a37624ffbc093d7bfbe3a77ab1f113e255feb2f2d9e9f76f05885c6186d91bfc28749dc7ca7ac78c3e24e91a5b9b6463733752a8c0e07ff00aff9d790f88be2b789e5b895ad275b5888c2a28ce7df35e78d2cc8db84b90471cf4a85a491c107922b48d3b0b43b18fe21788265226d4e6271cee208e38a8ecfc61adc4d225bead73117392ab2607e5c8ae298fcd4eddc020f22ab917417b4e8cf68f06fc61bcd38c76daec2d7d00600dc44409117e9f7491f41f526bdcb4cf1058ea5a7c57964cb716f3a868e443c1046791d457c542663cafde1d7debd4fe027880daea973a6cb745609e3f312373801c11923fe039fcab39525ba60da67becf7b712b37ef1231e8a38fccf39fcaa9ca54f2ccccd9fe2626b9abcf1be836ad22cd7d123270501c9a874df1ae87a94cd0da5e26e032771c71f8f1fafe15938f908e9f2173c75a459307a0c62b1c6b562f38812e62673c80ae086cf61cf5a9d6e47987254f4fe752e2f72bc8d12e31f30009a32b8c827ae2a82cc588c9152c44861df3e94d211a76b3bc2300fca7b66b4edae22994a83b5876cf5ac356270029fad4a0f97b594f38e0e7bf7a8b6a337760c007eb8a02e5c9ebc566da6a0325653b973807a11ffd6ad54c489b90a91ea2a24acc49ea4254f4f7ce683d0e39cf7356440ec0e14a83ea70298625003330073d8e68e64c6dea438c0c649db4c65cf618ab276ab70a5b8efda984b0e55540c7714342bdc8844720a8e31f4a564000cb0fc0538962bdfd39a6e1871c8ec69587a09952703241fc2954e5880a00c537690d85cfb52f23a8e292102e7690c49033819f6a194c6e5940f75ef40c67a139fe74a012791f7bde87a808a032ee1ce4f73d29573b815ea39a36b649fbac473ef4dce402a38e847a517d01880be7819cd2796c78231fad3f2158f514c2c0fdde3d07f3a560e81b000793c7a74a61c601006dda6a4570a0e0003a0f7a61ddd40271d97b524047b49e380a0e41ef41ce3681ce0ae49c1a95636c658aa007b9cff2a6bac614b7999cf4dabc5263b9f4d49e59fbc3b74c5519ec619325485f639eb42dfdbc88a43839e9530657ce0903d335e92168635e584ca8582ee43c6579aca961704f18c7ad75aec1700b038e99e38acfbc9ad0643a64e3b54ddbd86d9cc65d4923e839cd3098c86460477eb57aecc0c7310c2d664a386195cf5c52d457193242eb96c32e3b9c1155a4011894638f43523609396c7f5a8994860c3b7bf6a91ad88de52460a051eb51ee2dd0d58f2c96200dd9e98e49a946957246e7416ca7bcac13f9ff004a2cc37283aa85f978aaf72ceb954c96c6571df8abd74b05b3aabcbf685efe48e9f891fcb35ce789fc57a468d03cb70896e1707f7cdf305f5e71f9e28b3bd8363c1be2ab2ea435dfed06297d68e2482190f0573d467d704578d1321b712dbbb97c64e0f005779f197c4767e28d5c5cdab1665c8fb9806bce1e49e27c6cc1ed835d29590d6886497326f2ce0e4fb75f7aad33ac87777c54b2dcef6c3c6ad8ee7ad5672bfc2299127a09bb1c538cadea45466900cd3b9171c5baf4a3691dbad2c49bdf1ce6aec16d81f32827b50c6a2d8db281895238078357111a2900809564e8ca714a911d9b8fafddedf8d399ca00a8a09ddf31e98ace4f5d0d631d01e36958877cbb1ce49e4d011a30479982dc641c532e0a22aec638c6719ef4d8599d034cd907ae28b8f4ea4c8cf0ca1bcd9119790c18ff003aee7c1be279a22d0de5d658e3cb777ce79e41cff9e6bcf6495449b4a13b7a1cd3a395d86c2a077a6e37427667d0b65aadacb6b1c8d70815b017e7ee78c7d78aded358b0db9ddce077c9ff001af98159f69ccaeb81d431f97d2bd47e0eebd7b6b34904d7923c006f28cd96561d0ae79f4ac5c6c2b1ee16ba1ea72f26d7ca4c6733b08c37e2c467f01571741b6440f77a803c0f92042c47e2702aae9babc5776c1c5c6f24020b9c939fff005d69c0d900b9e3bd62dd85b2b0436fa5db31f2ac4c8481cced9c0ff7471524d3c84011886200f0b1c61467bf4a708bdf39341882b648c8a89304caea598e243c7626868cfa8007bfe9568c236952053446e8c30370a49032b94eac476a5087ef6335367208c11ffb2d21e807dd22a58220643ea39f5a66114f2d8cf6cf7a9cae72771c9fd6a22ac4654127f9535615c8e45018714d2b80704735388a5705950b03e9da98f1053f3ca0601e9cff002a57b02641820f24673d73da94b77e707bff0076a7905ba8c92ec4fa0c537cc8d17e5857eadc9a57b8db220a5b2b8e7b62a4fb3cbb81e236c67e72002291ae24e006201ea178a87927af349ec2439763654b0561f78039fc450c001f2a961eb9c67f0a8e44638246187209ef4e8e4ce15fef0fbc0f5fff005567ccd0f61af2718555071f8d35a5666f989c67d695cf7e3dea3704e467a8cfeb549dc4dea2a91b97057e6edef41c772320fe74bf28249c649fbd48ca73904003d2931dd9d45beb1e20d388e62bc440393fbb7c7e1f2fe95bda678e811b6f567b565ed2fce3fefae7f53536bd6b3da4f1c46d2de48ca80644b852e5ce48fdd2e4f4155f4ff0fdd6a2a648f4dbb8a30704cf6ed1291ea770e457a6e3612773760d696f1434772258f1d9b20f352b4e18e7191eb5ada1587867c3962d108a09a49b89bcb4dca48ed83c63dc551d524d2a6909b2b26b7e724890ed6fc0e47e58a929146560f9ea45345a5cca9b923217232cdf28e9ea71520be9e3fddc11c31a9e9b13e61f8b64feb55e5b896739964727b6fa4c1a1cf670c6a1a4bb8c9eeb1e643f9f03f534cdd66ac4c7034aa3bcaf8e7d70b8a664b649f98d30ae4024739e6816a8592fae0711b2c2318fdda85cfe3d6a9b06662ccec4b3648ce7f13561a3fe223934c2b81f77041a39909b7729ccedb5428031d735e59f1b3c2371e2186da68ef218cc00feee66da84e73f4cd7acdc285cee19f615e5bf1af5db4b1d06e2c8abb1950e54755e0e0f5e83ad28b6de85adcf977c43682ceea489c2b3ab6383bba561cdb084669583fa63a5686a9731216558cb1208f97b1f5ac79266652a475ef5d439bd4182ee2376f3ebd6abbeddfdf14ae4eee0d37927d29b465295c19403f2f39a7c11339e01a745116c003762b5f4db78f3b9d42b1ee4d4b08c2e416d65e5b00c7e63ce71f76ac02500ddc6074ab27646b81ce2a8ccecff007463278c8a9dcd92b6c0b3e18bf183da9906f67c8ea7af3d2a7b6b2966658c64ee3fad759a6784a59d54e0863d73dea6538c772a34a52d8e2d924926e4e5cf5c74a788e520ab02be95e9f1783a288002150d8e4fa9a59fc231bc44146c9e87d3dab9feb503658491e5324122020827d0d471b49164364639e38af587f0ba05198d338c30239ac9d5fc2fb0164882b01c8cd5471516ec0f0925a9c179e49f94927d0d5bb2bcb8b4944d6d218e4c76e71eb4ed47477b56724107d2b37734636938e6ba534d5d1ced38bb33bff02f8b753b5d7ece09313c72b852a474efd7f015f46695aa1bc019dd12320ecd837107b6727d335f1e5b5c1b7955c390c30c306bd6fc15f1085bc9059ddcc10483619186467a83cf43595489123e8885936a80c5bd5ba66a6ca8191eb8fad73fa15ec37369138970c73bb27383ed5b10cd1371182e3f8474c57237a936272cbec08a4cb63a1fc3a5377e3a2a83f4cff3a0c8e700b71e80d361716484c80104237ae698a1106d99f273c151d694e3712063069092d9048e7db34b4121cde4ae362673ddc91fa0feb51b4aca9c155c77518a614652ac878eea7bd2390c31819a8bdc624af9e4966f63daa1909c71c6debef523a927a703f5a8d80da4f4c54b6811090339c718a42091db1d454840dd81cfad34ae4919fd33537d044606739a40bc6723e5f5eb532c4482401f8f14ef24edcb3a7b719349c985caf8f53b540f4a6ba870a4119ea0e2acf92839624f1df8a3621036a0c0a9720e6bee551f370fcb839cd2ba38ddb5589ab120df9f9471d31da889b7008df7b3ff007d52e70d0aeb0313f305008e99cd2f909dc9f5ab385c95c67d4d354856e806074f6a9e7b08f67b04b4d2849fd8da6da586ff00bc618c6ecffbc79f4a65d4f753f335c4920ce3e66a9a45289d09cd40e768cb0c0f71935ec733ea5a2bba2f00819ed9a8660a0f0474e80f356a424a8619fc6abcdc3e32339cf352172be06ee800c7e39a89c64600fcea471fcb3f9d458c8ce7a52b05c6ec2aa31c7d3a52e5c6370c8fca9082cc000c49e80719fc2ac258dd061e646610467f7a427e59fe953243b95f2b923a64fe54c642a7ae7deac98200a0c970a79c10997c7f214d93ecea8de544f9c7059b6fe949a0b19978cab0b64fd0e715f39fed1165a94ba85adf440b5a0057703bfe6f7f41d6be8ad5de636cdb163008f9b68c13c57cc7f1e6d75c5be8e69ae1d74d700a00df28c9f9b3fe7d6b4a3b8e278dddc12a48db93afa74359931049ca60ff0077d2aedd4cf1b98fce62abd09e6a8386c97cf0c719aeaea293d48d8a95f53de93696c10bc5280a1b9604d59b53f31120e474f7a193b962cad5d230e73cfb62acabec70a7713cfd054c777948c5b000e067f4aa6e4bb1254e18918fc2a4d396c81d98ab1c9033d055bb04f34aab2b6dce69d67a7c934a99079e873c5763a1e818080c5b893cf1c7d6b0a955451bd2a4e4ee5cf0a68893b4722ae176e727b7f9c57a6e8da4ab5b0022e7d40cd6568764b6f1aa6060761d05769a31d9b0000838e9f5af1ead56ddee7b146928ab141b490b1e48fc3155a7b4445da140fad75d2006224a8fcab175155393b791ed5cce4d9d5ca9239db8401402ab8f5acabd8414c30539ef8addb95396e39accba551918e99e9cd553935b9128a7a9c1f8974c8de32194b11d31dab80d6b4a681f728f6e6bd7353814f3c11f4ae6b52d3965627a0c71819fcebd3a359ab5cf3ebd0523cbb2d14a548c9f71576da623e6392411c03ef57f5bd2fc99b27af5f97a1ac86468e400a900f6af45494d1e4ca9b83b1f487c30d45aeb4db5956e091b046ea4e33818c8f5eb5ea164a50907041f4e95f257813c4f3787b510c4f9b66ffeb509e9d81ff3d7a57d5de1bb817d610dc443746d18daebc822b8eb4795dcc9e868fb1e69c02639e845486091db2507d4f1ff00eba516a76e59875c60573b988881ca76f9a9acc037cde9560dba0e48638fc294471e7945c76ef53ce80abbb7a9c01c1e2830330cece6ad6dc1edc7b521ea4e4e07a9a52a880a451d4e1d8119fbc074a558971c90f91c638ab2c84818ebd8544d1b27cf190b1f7dddbf13597b4b218c58d14709cfb8a09232546d3ec690dcc031bdd436718073fca9af74aab85466f7c63f9d632c4c16ec39842a7254f047e39141c16f972b8fd69af2c8c32221eb9ce4d47e64c46ef3157d8004fe75cf2cc29aea25a123038385e9d6992285ce5820f5271fa542ea5c31791cf3dc9e690222bfdd033deb9679a2fb28639a58464799e67fba09fe78a8a4914a10a8e4f504e07f8d3c9c10a46de78ed4d63c703041fceb9e599547b68318669f180147ae79a47695931e795c81d0003e9c52920632463a6334d9303078e0679ae7962aacb764d8f75762013d3ea3150c8dc6e241e6b32e35bca0f221c93d779c63f2acd9f53bc9323cc08b83c01cfe75f7d629337652992c72063a8381595757f6d11f967071d475c7e558f713336edef2313ea6b3e494127800e68e506ce92db57d2d8969e492360df74c63d3d735696fecddb36d6f1c83eeb191cb7e38181fceb8967660437414d8ae1148664c91d0838c53b586776751bc29b124f2d0f68d4267f115525679090ce49f7ae763d4ae15722662be8c7352ff00c24022c7da2ddb078dca7fa54b881d1d85a3dc4ab1865196da074dd5a5ae68b2e970f9933a74e07b573765aad8cc03453847247dee1811576fbcfd424f32eee26b83c11bdf70fc8d2e65b3030a4d66c5a6f21b2183607ca48f7e6b8ff89f616d77e1cbbc58c574a2320237279f4ff3debbf4d2e2426416ea99fbcdb768fcea0d5b441756ae3cc89d890a234704b124718a88b4a5a9499f9fdaaaac7753940d180c731b0fbbcf4aa52b075ca839f4af48f8bfa20d1fc75a8695a8585c69f3a49bf6ba6dc8386071e873d6bcdaf6268e665e08f55aef4ee897644210be4e791fad6b69f681edd6460338e3359281cb0c640cf5ade695a3b3542e47036f19c9a2d71452dc8d5c96f2cf41cf1daaee91682eae42e30a3fce6abc1b16dd99b05c824d769f0f7456bc4374f855cfc8319acaa4b963737a71e791a9a0e86aa8be57ce00192c2bb0b0b3586345c0f97f41566d6d7ca8c26dc760455c8e1dae339c7726bc3ad55c99ee52a4a289ec2053b70339ef5b7a746db87ca707daa9598b7dabba40307835d05a5d69d1a7eeae17dce738ae66da3a524896589bca278c63ee9ac4bd88e0a81c56adeea30ba9200c376159925ca13f7bf3a9b1a5ae63dc5bb06e466b3ae2163b801d0d6e5f5c20e000475dd58ba85fc08adbca81fca84993256462df460775c8f51cd645edb83b877c55dbdd62cc4bb5a45c76c8aaaf7f6736e05d79fe2c8aec8c5a39a524729af59931950a3d6b8cd46064932c840f5af50d422491370391dbbd73da8d824b1365037724f6aeea556da3382bd252d4e0e27456e1828279fcfb57d6df08354b59bc1ba60b7772915ba0383b8a80304103d315f23ead09b6bf641c8ce457bafece1ad4834bb9d3ccaacc24c8477200047a7e7558d9254b98f2a6ac7d0b11603f78a08f55e454a0070367cc3bd66da5c4c620be68541c001467f33cd3b033f317258f396ce6be7a798c16c65cd72d4851061e48d3d99866a3796005be6638eea335132aafcaa00ee78a46c10a3a0ae7966527b0ee0f38dd8481fd72dc530cb3e32046a0f4ef4120123b0a8f78391935cb3c7557d6c023b4add666031fc3c7f2a84c71b1cf53ea7bd48093d32a7d7d45319948c83f80ae775aa4b763686ed5538c0148c460e31c523b0dc07007a5048e40c0fafa56776f4b8924358e4e49193c608a6ff181f8d3738c0e3693c1a42701b232477a4d7418d727200fbbd690b9ea723e869aed9c63273d31483a024608a1ad4056c64e7148bd30403e94ccf19193dfad0ad9196ce0fe94d248770c64f381ed48d951862393c526783b5b2077c534f2b8c8e297a83d8fa02e74ed3e7c97b68f39ce40da4e7e959377e1cb62cc6195e36ec1b9154478c6dd882429c81d1bbd4c3c490b93943f8357e84a690ecca57ba05d4637208e5e3b1c1ac4beb09223fbc8245c0c9c035d62eb96a64c17db83f5c555b9d62c01079ce390df77f4ab552e27dce31ade32c48dd81d077ab96da3dcca37c5672b2f772b851f89adc1a95901ba1d88f83b485da4524d791ccc4bca64c7f79b354dd8136538742915732cd6d102bd036f3fa7ff005aa64d234d0f8b89ee27e39080463f32093de944e98c07521863a522ceb8c761eb50e4868961b4d322e61d3a00c3f8a4dce73f4271fa5581348a8555820e815309fa0aa8244c9c6da73498218e0e07e559c98c8e5b58c96910c80e3bb67f1e6a19a29c02bbb7a1cae49c6735609727819c8ed4f58ddc631b7ea6b0710e6b1f3afed1be17be926875f86d65b88a388c73f590a2e72063b0ff001af9e75688ae0ac442f523b7e15fa1573a6a5cc6d14cf1989861f2335e07f19fe0d5ddc5e1d43c350298883e722376fef60f4aeba35d25cb20dcf9a6de30704283cf715a2143c91c4cbf28e580aed34df84be2d9ee4a3d8fd922561ba595811f90393f9556f1b78466f0a6ac904f7293878838936156539c1047b63f5ae98d48b764c12b1c86a0c0cab1a9dab9e4e3ad7bd7c28d353fe118b599db748c338db8c76fc6bc12f1434cc4e0720020fbd7d33f0e22f23c1ba690323c853eb9eb5862a4d2b1dd824b9ae2ea93c362373afcd8e00ae6e7d46fe62ef1068d0703d7ff00d55d26ad16edd3c80a963f2291dab262894be1d8051c64f15e4ca2e3a9eaa6e4604d26b600d973caf38c81c71c631fe7351da5f6af0c83cd76284e7ae71fe1d2b5b5a5b3b75d8258c1c7193cd617da0798a524fc01c8a13725b0ecd753b0d26fe69d42b16c81ce7a5684b36d5dc081ef5ce787eed64608461c7eb5bf7b0b9b7257000ae692b3b1d106ec66eaf7e12ddb91c0ae1b53bf9eee503ccf94646335abe20ba78b702011d3d3f4ac9b485266dd210a9e99c574538f2ab98ce4de855834b13b8f3246247bd5e9f4c8bca55e403e9deb50bda410e179da3b566de5ec5b088db040ef57ed25233f67148ce7fb4597ca33243dc1ea29f1ba5cc7b93251b83ed559af59df12105474a9ed4224cc63fbafd47bd6fd0c1f638af1cdb241731b293f367f9574df024cb37882f2247da16d4bfdef4651ff00b31ac3f88a0e6ddb823e6e86ba3fd9f92497c532c4a5230612198f2719191ef9ce7f0f6ad7136faabb9e3e2349d8fa474299a58d1e6756200cf23fc9ada04927a81ef58369a798d0b1642171b3d78ad8b790ba67040f7ef5f13537b9ccd129fbc739e7bd30904020ee39e6949191daa16e9c020e6b2b5ca48712a49ec0722a366c8ddde949f434c6e72075f6a396c0d0ddd960c339ec69b85c0c30c0e981cd2b7239ed4c38c7614ac086b1cfa9fa8a6b1207423b5296f71c53493db39345ac31011c746229ac3383eb4e2dd703a0e6a39307d40eb8a1d9bb9561b21e3a77a4c8202e4e686394c631dc77a693bb202fd4e686afa890c2ddb1cfbd2993a16181d00c52b919c3118f6a4e3b1c01fad16d076b80efd31f5ef4d60aab93f7a94bfa28c7d69873bf1fd2a751bb2d8e9a6b64ce76e41ee2a268e488e55ce31823f3c56ac918073503a1ddd3d6bed9dd15b99925c5dc63ef86e3a74ae1fc59f12b4cd0fc44da56a6f2dbcab0acc1c47bd769c8e31939e2bd02451b4fcbcfa57cc1fb44baff00c2cd9806e16c22031f89adf0eb9a5a933d11ec9a67c41d22f807b6d4ed9cb1c6d128463e9f2920fe95b29e22c306627278e6be46b65fddaec241ff007b15b3a65fea764cad6d7d710fb2b9dbfa706aa4ecd99a9b67d529af33023ccc7a1ab706b4d9c1941edc1e95f39699e31d7e221649629c63f8a3ff00022bacd2fc5b752ed596d4ab1c7cc8f81f95734ab5b528f6c8356c646e27fdac5598f556da1830c139af34b2d5e6900da847bb1e95af6f7b70c461973839239ae59e3611ea26cefe2d5db70c1ce7bd4c355ecce40cfae0571314d3104b4afcfe156618c07dc7963deb8e799a5b01d88d660c6ef3e304ff007496fe59f4a0eb106f2a04b2f1d42607ea735cfc031800edabd18195c838fa573cb329bd80d09b5069a30a2d502e08cb1c9fcabe78fda26c6f24bfb4badb98235742141014f518cfd3a57bf807670464e715c3fc55d21b55f095e5b4083ed38241240c9c123af5ef5b60b30a9edd290d799f294b06e1195c2e7390dc76afa5fc2ec2db41b18d5157f72a48ec2be7cb8b66dfe5f9658838e463ea2be88823dba65b468bb310200076c28afa5c4c938a67a7858df60bc85ef18322ef6230a14679ae17c477f63a55d15d52e30e8c43c64905483d303815d3deb5c9b69218ae5e247e188386c7b62b905b21a24d705a0b6d5aceec618ce4798b91cf383d39ae68384d6a74cb9e0f439af10f8c742bc012d61b8523aee8b159765a889ae40819973fc241191fd6a8ea5e1d965bd2f14c12177c04da7728eb827bfd6bacd3f4393554b78e54f2618102878d7a7f9e6aa7eca11d05095572d4e8fc270cad344db79273f4af4a3a779da34b31552c9853cfad73de19d3cfcaa4ef48c705fab62bb33204d29e375183d0d78f5a777a1eb52a7a5d9e2de378b17854676f27a74e2b9eb890db462495b6a0e9c609af45f17587da558e32cbc8ae2a4d2629ee3cc94b8963e146ee31f4aeba134e3a9cd594b9b4316f7c616d648b03e9b3c858648701032e0f22a80f13457c18269ae7032c07cd8f7e2b43c63603535b7668c24d02ec595138753fde1fd6b0b47b59b4a69bca9019641b4b15c902bd18469389e74a5594ec4f05f413c85adcb03fdd2318ad8d3dc3a7ccd9ede9cd6569fa78f31a46cb127e6c8ade8adb626e5c015954696c5c137ab39af88083ec76c4e3890e3e98aee3f674856c669afe69a35321da46ddec14027a0ce3ff00ad5cbf8aad1aeed23554decad9047f9f7aefff00677d18bd95cdfbb2aaf98362372783cfe191fa1f5ac31b53fd959e762e1efdcf688a78ae21558d480ce01c8e31deaca15527fba7db814c823548f6aa819eb8fa53a1464842b1cb62be4a5b1c8296f9b8f4a613bba11ef9ec6890952401903a9a462194f5c0f4acdab14847e1705b9ebd6981be9f375a566563d39f5a4ec4631f8534ae8446dd720803a521249ff680e73487af4cd07073cd263435c2b2e09033d81a8f000e3231dc53fe5ee7e86a36e7aed561428d9030dc3d73bbda9ad8e9d682413ce3e6f4a692158e0641ed426ba821af82a5483ed4d67c6d079e33c76a52474c839e94c6ea7047cbc114acefa06a180cb9009c72734673f2f0548a42001c9f6c66946110f4c0aa6877637691c28cfd6949c100f0dd303a52f1823b1eb8a423391c6e3d6a193667712f7cf04fa542ca7b62ac30cf20e062a160339c9ce39afb7691655954f527db35f2d7ed02864f8a17e31cada40bc9e47ca0ff005afaa2500a6d27df19af963e3d3e7e2b6a876fdc860031db11a9ad70e9ddd852b1c65bc6762332903d0f5abd0c6580604e33d2ab5b20386c027a75ad18938ea416ed585496a66cb9a7429c127a0f4eb5d568d0a9915ba67bd6058463209c13c715d4e97193c60e08cf4af2f1122a2751a683c7e7cfa56f5a0c85dbd7ad6369abeddfb56eda8e9f2d79539741b4685b9258632735762c139c64e7a5548d46074ab90a9c81c0158bb13b17e2ced04f3f5abd00271b8007154a01ea7a1ad0831807902a18d12918048c67eb5ccf8b116f825bc2a37021b81dba574cc85908c706ab45610a3659092724127a569467c8f980f01d57c2bab59f8b26fb344a74f9cefdf228640475ce7182383ffeaaf4531edb389480184600ad5f1adb18344ba70ca8663b54e72467ebf4ed59b60be769766f827f74ab927d00afa7a38975a96bb9ece0d7ba999ed6fe612aea09354350d0629865edd5811e82ba27401830196ef56618da41c0f6c1c57373ca2cf5e349347089e1f8a3384b655edc2d6de9fa388adf0ea1471d457509651a9124aaa481c0c5646b3a8469308a31c838a9751cb41aa2a3a962102de311c2a067ae2ad5c4e0d81490e49e9cf4aab631b3a076e01eb915ab358d80d1fce7be0b718ff565702a5ab1bc5dd1c0eb6f862464a9cf6ae70886e6600001bd7d2bafd7228658645dd83ce2b85bd0f65791cbc946e09e9deb7a47255d192df68dbc0ea9df8e84d671d0646dc5892a3b5777a6986e2dd463820517763b3250633fca9c6bc96889f6699c22e8e6224f4f6c54573188c636617b62baab98cae4638f5c5737aa922460483e98ada9c9cb730a9149185a9cbe5450b94dc43e302bd7be15799ff08cc4f6e8400ec5949000e7f9d78deab96f281c93e677af71f8443ed1e1978c05558a72320fa8ac31ff00c23ccc546f0b9dbda4a268964c1e5477cf34f3d78241e84532041082a18f5cf229d26e03915f38dea79b618fc1e462a21d19738069f26369073d7a0a8cf0b81f9d4bbdc62100e49eb4d66009e48238c0a7f5ea41007ad4648feef34da760b0c65c67918a1f1c7703d2958719c64d30b0c60038f4348690c6e4865e869bd09a5c163bb3cfb523630377cd4d5fa8306fbdc1cff4a61cedc03819a1d8a9c1ea6918a81ebf8d435763b8878c8f4ef8a664e4e06477e69c4a9192c3b629b231242e793fcab46d74010f072a0f4f5a40c71cf738a760851c8e98eb4c5041e7079ed52ec1a83121cb74f415273c6060f7e2a30c1d8673c0e94a8391924ae2a7a02d0ee8fcc4f078a85b033c67eb4fce381ffeba8e4fbdce2bed9ee55889c6ec7b0f4eb5f28fc677f33e2bebf95c6160033ed1ad7d5d2f4e0027a70462be51f8b603fc4ff12393902589401e8225cd6d45dae43473f0a1043743dfb5685ba8273b7241e0d558b27240c67b5685a8519ce001d0570d67ab219a7a7464b839e7be0574da5a9c2fa66b9fd3970e0103d6ba4d29487520122bcaad21c2c8e9f4d53c1fd6b6e0e8339ff1ac6b350700af07f4adab41d39c9c579f3d47b97e0439e07e07ad5f833902a9419dd9ee2afc00e4607159df402fdb83c0ebef57adc763f8d52801240c6df4ad1813d4e4d67295c0b10aee38c8c75ab6b12bc782a1beb515baf2338c77abcaa071d7d38acdb6072de36d39e6d2849042ac431c827819effa5737a1db32e92903f2d092bfae7fad7a7f91149849ced8c9018f4e3bff005ae72fec6cadf5ad46d6c3cefb289014329c93c0cf4038afa2ca2719d3713d4c257f7547b1ca4f12ac9865c2e7a8a9e29022a85c1f7a76b11b424839cf5ddd2b1bcf6c7defc715bd583523dda534d5cb9abdd36c1b49e801fae6b958a78e3d52396f0feed464e7fcfd71ef8add25254c3e47b553d4f4cb2bbb578f77ccca54b63a1a88ad4b94ae8c1f117c45d234d95ad85c0120fe05c93d3bf1fd6b3a7f1b43776ad2a48ae49e0ab0602b1a4f87cf1ea0f34d32cea7201a8af7c1125b5c66d9e3c49f782b62ba942958e5f695362beade2f4b690196eced3d5539fd2abbf892d353b26689df8e8aeb8c552d4fc3060693ccb62c7fbd927359d65a22c1370cf8ddf73d2b78c29db430939b7a9ea1e10ba12e9b1b7a8ec7a56d4b382983fceb8ff0b4bf6785adc1e38c0adbb8bb01371cf23a7bd70d487bda1d507ee86a724786cbf6ae4751f95f8fba6b4f50bbddf2f393e9d2b1ee482dcf4ae8a51691cf575282c11dd5fa42e8cc0f2a0773d0715f41f81346fec3d023b761b669479928eea480315e6bf0874a179e2396f7ec915cc76a80299588113b11871ea70a78af670c15703b7eb5e766551ca4a09e878d88abaf2848063818e69a4f418e0d2b64a64f1513367e52b9f4af19ad4e303ca63bf5a6138f9db8f418a56191efefcd3490011c6ea3a80de0e7207a8a8dfeb4acc33c707a939a6654e0a8e29bbf50dc320139ce69b2375e9f785264e09e476151ef3dc71d3353a15617764e4718a4672c4018c51bb8db83ef4d01b9200e7bfb53d400900919e6a3272dc8ed4f2bb71cd44c01e807ad160b0994e4303efcfe5431dc40db9c7e14d607a023279a379da09c6074a9f51215c8e376452b71c8201c71cf5a8812463a9fad2824af27f0a5ea31e817674e4fa52a1f94918fbbdfad460e0e413f28a5dca1b39e08a1eac11ddb00c31dea124e491d4d3d862a33c3e4719ebdebed0a23270724649ed5f27fc49cbfc48f1431e4fdab1f9281ff00b2d7d6722e4e3920f715f26fc430a7e20789df07fe42120c7e35a51d9932ee644001607041f435a3026e1d81273d6a8db7ccc5f2076ad1b35fe1f9867b9ae2aacc8d8d3c306520e4e7b0e2ba4d2c36e5ce2b9eb11ca82d8c7a1eb5d26984951b4f5239af32a971d8e96c0600279c56bdae72005c9acbb0209cede7d2b5ed9947b8c715e7d4b8ec68c04e7a0181ce6ae5b8f4e7354edc6554f4fc2b420c01c93d6b14db42b5f52fdb8c1e4f7ad2808e39ace80ae00ce7357edfef0e6b369d8772fc2016ce2ae8c81c74aa5095c0c807eb5741031f4e959b18e5c819c5666a1184ba32a725d32c31e95a4a7be454770a594904fe0702bd0caaa726211ad0769a38ef12401adcc8b938ae25cba48518723ad7a65fdb7991bc4c149c1eb5e7dad5b34370e1b8f402bea6b42faa3dea353a19ef73b784381dc629c260ca318e99e2b8ef12eb5fd9d3ab1240e871ce2aae9de3ed20db91867b81c2a37635caa84a5aa36f6da9da5d3b30241007b9c01542f20795d2686eedf7e30cbb88c8ff0026b8d93c4fe7ce64b8209fee81d07f9ef4936ba932b18a745419006fc7ebdeb458768a5523d4e83519e3922f2d9a2dcbd466b0678e366dfb1597ae41e95cf5f6bb1c484999598f71cd640d7dd5ccaaed8cf27d6b58e1da309d58dcee20ba8e02700fa1229b77a86e450ac48f426b89b9f11c130500b96c631e957ada679e156fbc1b9073d4537456ec95593d8d79a666ee4e054449e064671c8a873b5403f377c5394e483d49e41c51cb65733a92ea7ae7c108645d1af252b812cc154e31d17ffaf5de33963dab03c096434ff0a59c4f90f2219587b9e7f956eee3c0191debe63133e6a8cf066f9a4c52589e47e34d623a96a8cb91c77a6337207e23358d89b0e2d4d675e063f1a8cb8279c0a42c4a9a5a0c1e408700678a452c401d3da983231ce47f2a4ddc64f069e8257149c9e73c76a6f04924114c2c59b393f85377a8fbdd6928d8ab325dd819cd30b9e00c1c93c8a8de504706a1dc73d01fad26985cb0ee00233cfd6a266dac49fe2fc6a276e3b7f852331c7ae2924d85c7961c36474f4a32a483b874cd44082093c1f4a01c8e5b0686ac2b923383c28e7af1fce863ef9fc6a325b3b4127de8ce4e082d9ef492b21f524c80a4e0e4d01b2589240e98a8f775539c7a52f4651f76a6c33bd07248ebf5e290f5236fe94f6009ce0e3da9a73c839afb3761d88243c672001f857c9be373e678dbc4ccdf74ea7363d7ef9afad5f0c8430c738e4f5af91fc527cdf1678864272afaadc107d3f7878ad687c0c99152dd73b47cd9c67915a56bc9da3ef0fd6b3e03d46d27dcd68dbe73c71cf35e7d633d7a1b1618c018f9bafd0d745a5632a738e6b9eb104fcd9e071c77ae8f4b0d9030339af32abb0e373a6b263c1e1ab52d9972a71cd64d915071835a96a706b85bb96f5352dce57038efc55eb73e9d2b32120b8cf1c67af5abf13f1c1e2b26d0d2352dcf0315a16eea106476c56542e3b1e3deaf42fc103ad4b449a911c3631ee0d5b56391f30ce2b363936e4649ab29273d08e2a1c44580e4632d9a7b3ee181e84d55dfc718a5593079c1e288cb964a4869d9dc83553b6559f90afeb5caf8b6346b5138ee7fcff5aea3544792d1fcb397c65477ae1751b97960785faae41073906becf05898e2a95fa9e9e1eb5cf28f11da9bcbd60013939248f4e2aee9ba1e97e5c6b73670b3a72ac5715a17d62cb74cfb4e45412caf1824a9e3bd54af13d18eba9b56d67a7084c46d2dd73fec0c1ed59daa7877c35a8cad25c69b0a02b86f2f299f7e0d73da9eb1736ee4c4c76fa06ac1bbd775299980761918fad2b4af74cdd5485b546feabe12f0adbbb7d9ed803b7201724feb5cb6a7a6db451b2c6131d06719a89f51d409c3c8ff00f7d55791a5998177273ef5b45c96ad98cf91ec66c9a7c2372ac6011d4815a1a62a431aa9c9009c54a15153a60fa9e7350ccfe512d803da8e672d0e751e5d4b12cabbb191815afe09d3c6b5e26b2b166511b36e705bef2afcc47e238fc6b9679b0bbc9db9e80d55b3d62e2c7c43693dbca51e26de39c1073fcaadd07522e28e6c454d2c7d6c59422aaf0b8c01e80534b8c119ae7bc31e25b4d6ace3d8765d04f9d0f39f52beb5b5230c7f77fad7c9d7c354a5371923cbe5b12337eef058f4e298d90d83dfd4f6a859f030064f6f6a616c00783cf4358598327721785c67d2a23261ba123a6734d6725490a076a855ce38228b0c99a4c271820531e51f2b7ad42cc79ce4d35997040ea39a2d701eed9e189e7f9d319f24601c63f5a693f27a37714d3ea060fd69e81d4796010f5cf4a4ddc0e99ef4ce8707a50c1b07b0f4c76a9682c2ee01815efe828cf427e9cd30e370038007ad37923a6efc6980f66c30191f4029376d5ce314c6618c700f4a14e300804d4b4090f193ce7822943617838cd47bb8c9ebd29ea7728001e3ad27704f51d918edd7b1a33f29e72735113b94678e78e29fdfa0a9d2c3bea7a1be7a679cf6a46031b791cd3caafdee47e14d719c7e98e6bebdbd4b488d86382dd326be40d5df76b1ac38e4c9a9cfdffdbafb0554338c8392474f4e4d7c6b72caf35dcc3a497d2b819f5726ba28eb064cc9e12dced2a581c11ed5a56b9dd8c75159c8b960013f9568d911920fcbc7e75e6554626ce9d9db903f1ae8b4d246064139cd73d640336783800e735d0e99ce0f527f9579954a8ad0e86d78038c135a507041079efef5936ac09c01d7ad68dbb9ced1c6062b8da1b46b42d82a718f4ab56e72739c1ee0d6642e0600c9356e0941c1cfb6de958b88ee6ac5283c83d0e2afdbc99c00dc56241280783f5abb0cdc641eb4d6c236237dadd41c55a5938e6b1a19b0d82706ac99874cf6e79a2c2b1a267217048c76a432a95e4f359de60c76c1e9486621492d807a93c511a6dbb24349bd117e7bcb7b6b79269e4448e352cc58f007bd78c6b3f12748d53c6df60b088aa38282607fd732f3923d076ac9fda2bc5d7490c5a6d85e6cb519f3b69eadd867f3af04d1b5092df5eb6bd0c4c8b28f6f6afb0cb32c8e1e1cedeace8a4b91ebb9f566eb7be8bcd89867d3ae2b36f6d1492187078e95c95a6b177673f9c921d8402509e08addb7f10dbdda87dd86ee0f6aaad1bea8f6694acb533b52d104c083dba71d2b9cbfd0e784e549651dcad76b2de44ea5838c7606b2aeeea32db77e40ef5cb19c933a2c9a38c92c2662724e4f6a67d9d13af07d2b7af6689588230a3be6b16fae220df2e0af5c56f16d99b4915e501324f4ac8beb950e46e38038c549a86a11e0e0863d303d6b272d3be594fd3d2bae0adab396a4eeec849656979c10a79a3c3a8b73e2142f1ac9b3f84f4eb45d61222324103ad66e97238964f2c72e464e79aeba0b9a470567ca8f706b2d41043716d66de4e012546140e9f78e31dea0b98f56f0ddf491dbeb5716accbe64314926f8e55393b7ae38ab5f0db56b693c3cfa65eea3f67c2332ef2a73cf4cb0fe5576fb50d3aff004f81e3f31af34d661e7c837298b192003f4ea2bb9d2e6f7651d0e34d3576cd9d17c4e6eed52491166f9796872187d14fdefc2b6ecf51b4bd245bcc8d20e4a1e197fe0279af29feda56bf0d6701bdb5037cc10fcea3bb2fad5a9af2d2f238efad2fdd5a23b59a4531b8e7f0af2313905293bc741c67092d0f57663b14f5c8eb506ecf3907d73593e1af0eeb7ac5aaddff006fdbc7661b6f9d25ff0097d3d01249fc8d74c9a38b3b72b15e4179123e1e77ba4676ed854386ea7d2bcb964124adce8718b9199230cf24d07afdec7355351b89e0bd2934f616abb7e48dc33b9f76da0e3f1fcaa24bd668d77bdace4e302398027d386e6b1ad90e222af1d497bd8bc38e474a6b1e43018c77155e5b9313b0ba8a4878ee38fcea5595658d5d18156e84579b5f055a86b389561e327273f8d216e0678f7f5a6127a9c9cfad2e4e30c00ff1ae477ec2629625b381c7bd05b71c8c8a8c9c77c1cf5a7360004302050f41257429cb6ef9ba0e94a8e7b29a61214ed3c8fad20183c75a345b94b424ddbb24f5efcd206e7a8cd303727233da95b1c2b7007707f2a9684eed8fdcc3f1eb46ec1c7e42a356c3ae7a014a39c9c8c546c0b53d3189cf26a3c900b1e69d8233f2f35193d4115f62cd0039595594721810057c64b28921276e58cee49f5f9cd7d94e70e32e5307ef0edeff00d2be31b3c0b18ca82a0cac4023d4d6d495a0cce7a97adc8f30ee605880071dab4ed954b038c6debcd66db601f9473deb46d8fccdf29c71902bcca865b1b766395518c7ad6f69f90dc13cf158565c103bfd2b76c4f0064fb7b579b51ea6899b56ed83ef5a10b1c6411ef59b6cc7033839fc2af40703b015caf7197e173f2f391566173b460f154c3243019e47da98eb8ebed594dae5c39636d8890f7ea6bd4c2e515710b99e88b853933ae8f76c0761fad5a8dfcb5cb10b9eb5e7f2dfde3203f6b9b07a92e4d5ff000cdb4b7f7edb9ccde521750d96fe75ebd1e178f2f336c53b464933a9bad621b22316f733e7a7971fff005eaa4fe24bc0035a68b70f1e38795b6907fdcc64fd6b9bd5f58874ed52e2295515638c14c2ede79e07af6ae7d3c793ddccd1c16e8fe58daa4820213f435d54b23c3a5ac7ef34e58276dcefd351f135dc61d63b7b346ea594971f8127f90ac7d77c513f872de6b9d4f509ae830654889c60f5ae6ef3c5daf4a05b5a35bc058e08504963f8f3f8d721f1467b9974db7d3cccd25c637cacce48dd839ebed5ea470342943e042e57cfeef4383f1ceba755bd95d49113485923ec33dfeb589a459cb7b76b14639cf24f6145d5bca97389ba93d41aecbc1b6090e992dd95059cede9d2b8aad45089b53a52ab52ececa2daf63177223c13f4a830a996462a73c11d29ba6cb98305863b77a2498107b6383ef5e773367aaa2910bea53c4c55be7503820d51935cdb23658827ad4b729b970a79f6ac4b9b600b00d9a6b91ee0e525b162f7588d9b9246781c5675c5fcb21fdd1e71824d2791f312c707f95351154938c1fceb44a2b54632949ee44b0bcc7e6279e723bd5948d234cb1c122903055e037af4a8ae642c064e06334ef721d96a676b1700c5b50f1f5a6e851bb1dc00c139aa77dfbc99546067fc6ba2d12c18a2a019214741c57a3868b38a6dca563a1d3e431d946e99186dc028cf35bba34914652551e664152a7a6d3d47e38ac816ed0c243e067f4abba3b9593c862033fddff64f6af4a4db8e860e318cb544f796ada65c0bcb4c18b23383ebe9edd6bd53c376761a8786a113ae9ecdb449b8c80942707a64572da468eb70b189d77464f39c802b5a5d1059c8208d31048405555c6cff00671f9f35cb29fb45693b1a2a7cb2bc51dd78d35dd1ec34382d52e0dfca250de5c0a1429008fbc3eb5c05f78b75592d592d36d9a9073b577139ebf31fe94cf181119b4b507276924f53effa0ae6a592443962707903756f4a34e34b45764c62e557565ab56d8a19cabbb649dc7249ad185f7aee2c0107385ea2abe856135d899d55716ebbe4998fca83dfd7e9deb51f4e9c5e2c56eeb3175f900f9588f7cf6ae7756ef73a1534b4b10dddedc1b7366b732792dc32eece71dfdaa847adff0066c26dad5d9b2790d5b1ace831c1e1f6bc176f1dc842e518e73edfcbf3ae0348df7b29b8998aa83f28ec47735aba31ad1ee45d27cb2d8ed34fd66ea5dad314d99e87ad6cc17b04dc6f0a7b0ae493202c51297c918dbc926bacd0fc3852313ea1e67cdc88b79047d71fcabcdc5e518671bb56666dfb47ee2d0b39da4124e47d2933850b8357c4368d1325ac3f7380e3200fa7ad56bab59a0e245e0f7af93c665d5284ae95d133a72895f7367701d063eb4bbc1eab834d5da1c8c9ef8e6842e3691823a13fd2bcd6ae6711e7907d0fe9439c81f3e327f3a6e46734add40000c7af159db51cb71cc7a1ef40605c838ce3ad37772480dcf53d8522f7192a7d68b6a099e9ec4e7d78cfa54277151b703be69f2b063df70eb5096017603cd7d759964576e56da462a4e10b37a57c6da7337f67db8c630fdbeb5f5feb32795a55dca187c903b74ff64d7c81644fd86d8e4127b1e3bd6f076a6c891a30632010091c7d6b4ad890c0819ed9acb8895efd3ad6959b9c0f9881e98af32a6c65cc6cd8fdf1c9fc6b7ec386ee16b9fd34e7691f77dcf35bf60c73919dd8e00e6bcf9eba22e2b436adb38551c935ab691a431adc5d9db130ca81f79bf0f4aab610082d92f6e30430fdca1e371f53e83fc6aa5edccd72ecd2b1e9c16f4f6af6b2dca1cd2a9511b4209eac8751bb7bcbb936b011a3011a76c67f9d578ecee923622d676493b94edfe4d765e0cd2ad5b4f9af6e6d51973f2cb270a80753cf1d71525f6b3a32de98e1be0d24678731b003db773bbf415f5115c9a46373a2525cb64ec73fa6681aadea078eca5da300b3fcaa3d39ff00f5d77de09d16ebc3fa56a9a8457d02ea653c88e7e4a5b063c9f76c640fad1e13106afadda417a971796f24814a25c7c8723fba0e3fc9aed3e28dc58689e0bb8bb934c8ad6ced00648005058fdd0401f5ef5a2c5ca32546db9c4e829fef1bbb47c83e32d7356f1078dee46a778f7ad033451c8dc6e504e391d68706c82430a9676e4ed18eb5368fa2ea5a9f8c9ed6d222f35d969d4b30da88dc92c7180003c9f5aee355f0dc1e17bf6b1b80b7da83283e6052db811c614f207b915ad5943e1895479a0aed181e16d32695cdc4c4ed031e637017be1477faf6ac1f185a0bed4199c8280fcbed5e9722341a648d3e11c0e577723eb5c25f2acd707196ebf3035c9efcd1db4e293dcf35d734d587ca68c0e5b0c4fae38aecad6d96db43b78d40ff005796aa9aeda79b65fba1ce73cf5e2b4b462973a6c2b231385c1cf635e363e328b573b70c96a3744049224c1cf15a575671943b01e7dba550f2de19808c672dc1e95a96571e6c2b1b8c37a9af35c9ee7572d8c1ba81a1e33fad66cf07cd866c364e3e95d3ea1031dd820647422b0ee6265254f0bf9d6d0926672466f94a1704e4035118f6077c022afbdaef4e1b04f7aab71010bb4027fd9cd68a5a99b8949dbe6dc4f18e00aa977878ce4f539c66ad4a1402189acf94b38ea075e715b456a6327d0a96f6c27bf538c853cf7af4ef08e817b70aa2ceda49e42016feea8fad719e16b5171a84287e6123e09cf1c57a2f883c77aa783fc396c9a4da59ed9e574795d3736eff000dbd2bdac37342973dae79f51c14acdd88f56d22fb4e9923bf8b0929f9587ccbf9d2c1641596451820f5c66a5f007c41b5f16ea51e9bafd82f9ec3f74fbb2b21f4e7a76af5093c3ba5360369c60049ce1b3fa67f5ae8862609ae744724e516a0cccf0fcb05f69aca1944918daca7827d0d749a3e97aa789229ecec6d8b4d02e5dd8e044c0641cfbd3346d3347d2aea36834b9a60acbbf713f30270793c1efd3f1af5f9459c3a4db6af670c7a768b1c624b94e11a65eb838ebc9cfa9e9deb9f15529d3f8237b8515567a4ddac7cf9e29b6d6ef741b436b671995e5c33c6b9db8e4e1cff009fa75ac4b1f0878867dcf30b344c7ca5a4c91cf5c01e9ebc57b278c75cb4d534eb6874ab1860b759e465070a36923b0ae1b57d5574b87f7b74d3dcf38853e58e3cf4271cf1efeb5709ca54b9546cc4972d5bb95c48ee34ff000be9b0da157965da4855c6e724125988e849c60f6e958baa78bddef45d08222888c155b241c907f03c560ddcd2399269642f23924f3dcf7ae6759bfdbba2f30e02e5877ad6950a6e493dcb94ea28b9ec8ed5b5abbf102468f088e2f34a2a2f202f6ce2b78f81ede5641a6def96cdc0423a9c718efd6bccbe1eeaf35a5d99a48da5b75c88d18e0939ebfa11f8d7d2bf0c65d1ae196f3588d6dee9bfd4c6dd1073ce6aeba9e0d39c4e28548629f2b673fa6fc30d4bc3f68daa5e44b3385dc3636762f1d47aff00f5bdeaa3452dc90d78be55b8e7cb3c33fa13e83ad7b6c6b73a84e2586559f4e8ce515baca41eb9ee3d3deb87f8a3aa697aae34b8e2586443b269d576907fba3f2fe55e651c5bc44ed511e84a8fd5e36a6cf33d6fc436f664dad8859240a3e7230abf415cdaebd76d21f3ef2790938099c0c7b0ad7f11783a4859a6b02d2c039da5be75e39faf7ae0354d6e2b299ada04f3275c8663fc3cd77ce951516a3a9cf094e6ff007ba33bcd36fd2f7e5c3c72019c32e33f4abc32083cfd3d2bcf2c75cd4f2b31b78f008faaf1d062bb2d0f548efd7ca9504370b8f90f46e3f84ff4af89cd72c952bce9ec5ce1cbb1a5826800ee3c807dc74a7b215c0c638a070324739c7ad7cf6bd08bab0ce3041ce69c061c819c0e79a7ec03938c9e98a5195397231d39ec68d0491e872b74e9cd5695f3904e33dea491c6e0319ef55ddb054e6bebba96d2333c53208fc39a9c98184b395b8e38d8d5f2759f3676992c7239f50707f4afa8bc792f97e0fd7096dbb6c27c13ed1b1fe95f2edabb0b3b5017e6da72335b417eed99c8bf6ea3760804e4d5fb5dc303eefe359d6e72e0e727d33d2afdb120e4fad79d51b466ac6e58f0c36b1e3dbb57a0f81fc393dfbc57b767ecf63c9de464b11d82d70be1db67bdbe8208c365d80000ee78c9af54d6275b4d3edf4c8a7664b74dac57807839e9ee7f9fad76e5981555f3cd6c6b08f332ceb1a33de7cf6f74bf28c2a38c71e959fa4785b52fb64773ab59cb1e98189694e76be38c03efd334cd0b5a8d352822d50c92d99906fc1f9a31ec7bf7afa2b4bd4b489f475bd82482eb43b68b214283e581dd87d302be9258974a3ca95cd2586d7993b24781f8e64ba861b44f30fd857fd5c4bc203eb8af3bd58b25c89d4ef4620301c62bd2bc7d670eb5713ea165298235dcd1c2bc2a2707b743c735e672c464b59237dcac064761fe79ad39dc2d665528466b545cf0f6b57ba56ab05edadccb0bac809f2dce0fe15d9fc52d6756d7b4316b777d2b5b971bd4af0ddc71ec45795e9f3bb49b588f3908db9ec7d7fad7a9f88630342577c92ea381c7a53c4d4d536b533c3d25ccd27a1c9d95ce9fa47d9db4fd432d232c73c990aec73cf5e703a85af4dbad47c3c9a0450476066d4278c94bb71c203d493ddb03f3c5784ebba5473cbb9be504e3827939cd747e16d7f2469baac8562076c2738c639e7dbad67ec135ed2faf62e6f5e4b69dcd7b2f0ddd4da95d5cea5a83790b1b18dc91f3313c0e4f1c0aced47c0bafd95a2dd8b6792d665dc9337caa476ab1f14fed8de07924b0bef2e1575decac5460903248ff003d3dabdf6c74f375e0cb4d2757bfb7b2b47b68a38ba06c6d5c024e7279f4cd42c74e335a68fa03c245c6d17af73e60b1f08ead750b4863545393b9df19c75c6339aa97de1b9f4b841674c13d14fe55e953dbdaf872e6ead6ef51699549551b80c0ce4151d7f5fc2b9cd5f50d22690c7b1a41b8671c1fd79a9c550a988e86987af4a96b7f5398b6b1b87397cb15c7535a30e94ced8db861ef5a569b59a46b459248a3505c91d324d6b5aa44f92ddfad7ca57a55284dc648f728d58568f3459832692db0fcbbbea2b3aef437d8ce4281e83b5770d1a84049e3dea396de364db8dd9ac155699ab85f63cbeea036f2b01c9edee7bd50b888c833b829e8147eb5e83ace88af928841ae5af74a96266211b03daba61513d4c25068e56eadf6e405ce3bd65b69f24b2848c17663c71ce7a5775a6787b52d59d84108489464cf20c228f4ce3afebf51cd687842e7c39a1f88e317b2b1313126668d70a57a63bf5ef5eae1b0f527ef74382bd48276ea1e1ff036a509b6816d9e290659e471f281d71f53d2b2be39d9d8db5c693a35acf3ccd14464bb040c0958f017d80c575be2ef8a5616b29b6d19a63205cf9adca8e9fe1fa579aeadabc5aac4f777774f35d3c85a42cb8ce4741f957b329d4f64a2a3a1e67243da5db39ab1125a32cf6c650c9ca3a9c720d75f67f143c5d6d8824bf79a20d9f9d464fb6475ff003f862d8cf692a18959c3ff0009c53a6b48cb8da1ddb1dd7aff009cd62a32ec52713d2b46f8af3dd4589ee3ca94618e533903938e38e45767a378f67bdb64d1b50d5e36b5dc4a45bc0f9bdc0e7bf7af16f0ff00866e359b98adb6b40b23ec0b8e483d5bdb1fd2bdb6cbc35a568ba44b776965044618d983ede58e3824ff009ef5dca50853e49ad59cdcb3a9579a2f4452d635c6925167a789618a12c4cacdb4b67f871fddefcd61cf234b2e7e62db813b8e4834c691d8b176e49e4f427eb4c70de58cf41d31dab19de2ac8f428c6325ce914359ba68ad1d88008e0007a5716eb35dea022019958fccddaba6d75bf75b73904f5c75a4d1f4a8a77821541ba5709b98f4cf5a28b517ccc55e0e4b43abf86da0c72bfdb678888207db08e8188eff00cabba9d1eed8da42c4c5190252bdcff745578633636b0d8db1c360440f423d5bf0a4d6f558742b20a9869dc6238fbf3deb99e2aa54a9a14b0f4953d56a695f78ef51f0d4234ed327dcee32c8dc845e9dab3b4af145b5e4ad05fa95999b86c7ca49fe46bcfae2fe49677794ef91fefbfbfb555bb99df659c285ee246c28dbcf4f5fc6ba946938bd2c73ca954a6d4efa1e89e2ad5af6cedcd8e8c1a7bb9558aa677797c6723ebd2bc974cb06495a7bb2f2dc339323e3ab679fd6bd57c21a5bd8b471df10f2ca819647ea303eefd07f8d62f8f748fecfd48dec21520b81b80418db27f10fc40cd6384b73385afe66989e685aa339bdbb46467031827a7ffaeaf595c34122344c5594e724f5f5154401c2e720a9e73c7ffae9f1c9c11b4b0c1c0c77cf5aaad867ac648a75a9ce29a3bdb2b88ee6d964518ec7eb536d00311c815cc7876e6f62770b0c8c854ef18c8fceba0b797ce88b6dc100835f0d9b6572c2b735b1cd26ae4e400bb80031ea69a46e3c6067ae380690950771e6853c9233f85786d341a1e83270afb781542671bcf4240ab3753431c32334aaaa832496000f5c935e6fe28f8a1e12d2246846a06f2507618ed57781edb8903afa1afb28d373d8b7a1aff112e02f81f5d62d8234fb8ddc7fd3335f2e8d4ed638601b8b305c3e0671c56d78f3c71a978a6e6649efa7b7d3c9f92da3184c7ab739635c7b5a6f902c32348e4fdd65c13ec31fcabba9d1b46ccca4ee6ddb6b368186e6704f1c8c0ae86c983c68c8ca54f420f5ae363f0eebcc849d0f5220039ff457ff000aecbc21a36b02ca38e4d26f95cb10be640ca00ec70457262308ad78936b687af7c2ad2443a6dc6b9381961e4c3b97241fe223f0c8cfbd5dd63ca45125cce21523201e58e7a71e9557c49e2ad3744d234ff0ee9114971716f08f356307e690f2401ea0f193ebc563597863c4bac85bad46e134c89cee066569246fa20e7f5af7a950851a4937637a0da5a15352d76c6c8e3f78f8c82c39c71ed5d1fc3cd7ee67f3e1d3f5478eca4f9668b772ff0051efd2acd8fc38d321c7da45fea128ece442a7df0391f8d4e3c23a7d9348f67a6c70cc09db225c9dde9f873daafda5370b44aad19a9293d8d1b992369e431b22caab86017008af3ed721b8b7bc955e311f259707d6bd5f55f075d697e1f17d6b1dd5c9d824646401989e33bb39f6af21d57529dc9b3d4e265b88d8edde31815cf4a6ea4b43a9b5049191701a29bed2880903e6e3e622bd1ef7505bff000edb8c8d9e52f1d7b0c5799ced2170c096cf0aaa0927ff00ad5d46893dcae91e4de47e41c1da0ff8574d786891cd466b99b21bc40e843027ae4e3deb1f51b3691584723c53019465e083ee2b615b2dd1b1ebda87456c3020e462a546513a1252d0e15b4ef14ebf7d69a3cfaa66c958958d721140eec0704f3fad7a75edcdee93a44505c5cdddeadbaa1c4ac4e70793ed58d66e9657b0dc0525e33c81d2baa56b4d602ee5dc8f1e1801820839a75a6a369389cca836dc548c7d475ad0fc41a7b4d6b750c37501fde8721589f707afd71f8d6258592dfea62d6396204e37b87ced079c9f7ed5ccf8cbc2cb69af4e9693b2a8f986e5cf51ea3ad6669b06bfa1ea09a858ca43a770dbb763d7d6ba275651a7a3dce7a5874e4ee8f7eb3b2874fb18ad6cedb779a4808dd64f576f4c71d7f0acbbfb37d39c48cc155d88c7ddc7d05705a2fc65b9b4bb7fedfd2fcc77c28960386c7a01d001cfbe4d5ad4fc49fdbf7bf6c9e411173948fa7963a80a3f0eb5e4cf0af129a9ee7a34ebc28bb40eead64f31464f1ed57a344e30bc9ae3f40d5b32882793009c2b7f4aea6e2fed74fb513decab0c448da7bb71dabe76782a91abecd23d986222e1ccd92490c7b5c38048e86b9e975af0b406e5af2ee38da03b7cb73f7cf7fd2b98f1afc40f2cbc761944208e3966fc6bc9ae5ee7509a5bb9dc9249201af6f07954211bcf73c9c5e3a739f24363b1f187c41ba96e0dbe8f3b2c0ac4e00ebdb8c7d7ff00ad581a65ade5edcacb765c67e6391eb567e1fe80da86a2aef09902a9703fba6bb3d4ec5ec9a76643fbb45031c76ce6bd4e654da858e18d3e74e523ccb5820ea52a63211b68c7b55590bbe14a9045687d9ae66ccaf1925cf27a9abd6da25dcc470553dc574d5a8d68918d1a17bb2868b097bd8c2ae7dfd2bbfd334d6925caec031cfbd57d034048a549598331ec7b575d0431411ec45190a016c63273cd4d29ce5a23674a34e3cccecfc23a1c5a6787a4d41549bb9adcc8a78c28da768fd01adaf13a6df0a5c42a76feec03ef822a495445e17383855d3f77e013207e9fca8f17211e17bd2793b42f2338c915c09ca758eb6a31a5ae879804c6ddc39e739ea0d56b82c475e08abb2280c07231f7aa85c3924f18c1e9ed5e855a3272b18d2a94d40c2d5a50d2220249cf23356acaee58cfee0059108607241073c7f2aced61f630ef93f213eb5674a522259e461bdc1c8fd0fe84d553c337a133c545459eab63a8c2d6afaa5c01e5ac636679c9efcfb9fe55e6be2dd7e67692fa471ba57d90f5f5e3f4fa74ae8354d41cf876c34c56030a4c8077f9b8fe75c1eb8ad75e20b68761105baef600fe15cfec1514efb931a8eab4d6c6bdb4a60b3fb4ccc338fba7ad3bc3b2dc2eb31eaec37792db954727ae33f913fa551924fb4dc2db292224c6e20719f4ad7b5b691dfc888287ce001ce7d6ba70942353e36463b132a71f7353d7ef40b8b1496d577b281345db9f4cfb8edef4ba86913f893c3ae9690b4a553cc4619c038e08fad6ff00c1bd12d1bc3de76b5738fb236df281e42f0466adea7f112c344d3ee74fd2a08b6c2d226f0bc6dc923f1ae2e670a9c9496cc976ab4f9aa48f1db0f0b6d4f3afae123c11844e31c52ded969f6ee52ce26dd8ce49ce2b8fd43c53abea134d27da0c68cec70060919e29f6d7b7b1c82533bb6ec1386ce306bbb1546ac9a9499cf82a908d36a3b1d0349ab9917c80e6207e6555db8ff67d3dfd78aded2191ac1304ef07e70472a7b573767ac4f0b1dac0a9ee6b734bd656e07d9e48e212c8a562666d8a5c72bb8f619c027debc1ccf0152bd16ac75cea46495917aeee21b58249ee678e081065a47608aabee7b5709ae7c58f0de9f218ec966d4a55c82d18091e7ea7fa0af25f1e788b5ed73559a3d619e1f22464168bf2a4447046df5f535cc91cf26bc8c36494e093aaeeccb99a3d23e22fc47d77c597f70d348d67a7166f26c60721235e31b8ff0019cff13571792cdc123038c57d2d77e18f86cd841e1f80af5cc7111c7a75f7acdb8f0df80123cffc23b1e09eaedb71fad7b1ed22b645247cf88af85ce39eb52b110c8922e7e561ca9c73db8af68bcd3fe1d4123192c74c89bb06bd20f4f40d5997b27c2f3957834e2060af972cacc3b7f09f6a7ed5761729f44f87f4af87575e1cd32f2e46b8279aca1925da576ee280b60e3a6493536b7e14d065d0a4d43c3875288248229249b1952c3f878c1edc9e077e6bc034df11c1ac4a967a0f8835ab5b6b489a594c373320589233851bc9c0ced1815f44fecdb7a75bf827a8c7abdf4d2ac334ad3dcb39672aaa08033f9715bd2945493489946e9dd9cce89e16d0740b39b503e5218ce1eee70247dde8beadebd71ed59ba878b520668f4bb25518f9a69fe763fed1fa7b9a3c51a8497c1249d12d6d9495b3b607844e32723f88f735cb33abb1441b548fbd5db529c232f7b53a69ca7522947445dbbf136ad27cdf681ce4bb08c02deded59b0789f5d370a23bc5da6403688c74cf6e39aaf7320c6d0d9ec4e2ad783ada2b9d4d4385290032b0c7de2381fd2b4a738420e5ca6389a339494548f57b9f1d6a11e99059cf0c128531a63ee9e319ae27e315c787b5eb18265816d352f33024007a1ea7fcf4ab178c1f535ca90b1a163c752781fd7f2ae03e22dec2fa9c56eafc409fc3eadebf957261614a75745635c42a94e095ee54f0a2dbd94ae6f1b74ebf7580e02e39c67a568c576d7ee5608d7cb49762b96ebf4f5ae12eb514dbb999ca8fba33cf5f5f4f6aeff00c037961797f0c4ed8de1647dbd3a74abaaa509b6b52e9da5049ee49269f781770b690a05fbc17b7e155fc928f82ac0aff09af5a8a2b57408b819fbbee29971a3c33b10521638e411820511c65f4683d8595d33c72f7e553f28c819c8aecb48b2fb2f87a0b9551b8824b7a8249c7e95d39f87326a56cd756b6570b116f2f7a2e41eff00e4d6ff008a7c077da7787ada0b63e72b88e20a83e6f438fd6b7c556a1520a09ea725055e35652dd1e0de3552daa97db8528319ee6b1e40fe5fcdc605779f13b4ff00b0ac333aec70c461970c4fd7e9fcc570f22836e5f3bcf7a5385e9ad0ebc3ce2e6f5d4e73c43a52ddc2a42a2b86043e057483c16d75e17376972bb963ddd38f6feb544a2bab070c38efd2bd0fc1205f785a7b36619f2ca139c64fa0fe5f8571bf72499aca09dce33c11a66a515dc9a8ea32e6ced0031a3004cd3646c1fee8eb5ab71a56b3aec02ee6977c522e503670aa3b9e3d735dadb6910c5a75b58a92cc88b16e1d72df7dbea3ad57f175d258e9be4c6c15ee7e48d7d1475fc871f8d09a9d5560b3853b9e303c346f350966bab9fdca13b703aff85593e1eb591c46aa02e71f7b35d1345c240aa06064f1c8aa933a5b991d885da08cf539cfff005abd071b4923084542936f766f781c5b6976fa85c10a1ced5518c600e4e3f2abb25ab3e9179aadf2e4c91b3a86c679fba3f00693c35a34cfa37da2e1494958613b92dc1fc8735a5e38b88c5a269f120f99833f3f7547017f1ebf8571a8caad6ba5729da9d2d4f39b2b2fba8b18007538ef5a56d64a5f738e3b0e9fa55c8ed8c710da85b9e40c935a7a4e8ba85e9c2c2c871cb3576d549bbb7a114aaf246cb5b95ad912323601efed43ca04ac31f20e031ef9ff00f5d76361e0b9524cddce7611d0002b5b4ef0869a8ce2652e430c640181cfff005e8a38aa14e2fb9862e15ead92d0b57209f0dc899c66d760c0c9e463fad4de35b3bd6f0c148edd819a654cb023fcf6aed2ef5ef0ec1686de0b28576321e40fe120e39fa7bd69e87e2ad035abab9b4d544261811648d06319ce0fe86b8e35e49fb48c0aa9474f672958f014f0aea72211b38dbd5431c75f6a51e0bbb695d66621c632bb7a0eb5f4447e2ad02d351bc8a0b45650558054ec57ff00ad5e3fe31f1963c63a9bda5ae0332281d76e0723f5fd2ae15f118a93d2c26a950828b3cc7c4fe1ab6b6b8b78fcccb3b0c0279e7bff002ae92d3c3fa3db410c72429b72a5896e719e7afa8cd62f8a2e06a37c976accb864560074e05743244ad221919b00e3e63826b38d6abed126f637f6709516ec278e7c24b17829fc51a683e55adc343748a3254100ab631ea719f7af2082e7743737cd82f2b85503db81fad7b3eafaf1d17c05e25b037a8b0cc887639cee0d9191ee0803f115e25a75bb5dded969b1731a007e5cfeb8ad5d473d264504a31f759d178534ab8ba63e5a658fde27d7d6bbf4b7b3d16d84ac15a4f53dfda9fa7476de1fd2da4da1a5dbd17193907d7b570be28d65a7721b24bf4c374ff3fd6aa84fda545ae85d4a3c945e9a9dd58f88e59ece75b79195ddb18f514dd1b4c92f2191a63b9599c31dbd39c77f7ef5ce7c2a5fb44f716f712e653fbc8f272597bff3fe75e8b10fb1ea242a9f26e46738c01201d3ea40fd2b0c5625c2a72c50b0b8684a1799e43a8696fa7ea73da4a0ab47215391d73f74e7e9cfe356618004723e5083a7a639aec3e25696cd241a943b8eefdccc7a9f556cfd33fa571a1c97c81b55ba8ed9aed957957a6a489a14a9d0a8e16dc5529b41c9423db029f08259817cafdce0e464f4a6b828ca002074e4d181b977123b119ef5c91a93ea74ce947556356f3c1de16f114e758bdd394de4807da8acccb96c7de201c7239e99aabff0acbc20073a6127a7faf7ff00e2aa5b4b9b88a3668155e6da40463805b1819c7be2b89bcf8b1711398a3d263478ce18c921383dc638af3b11879f3de32399c7974b1c35c789357b884c771ac6a12a93d1e76200fa1354a495a56cbee65f527355426d6da573cff17f2ab70a73f36140ea07f2add4518f331d140b21c80141e338c66ad68f65f6dd76c6c599bcb9ef238091d402406c67d8f5a964923b48062306471851d739aee6cbc2f16931f81b54b891e3bbb895669e30870c0bee47dc0e07ca57fce6ad45216b60b1834df0edbf8b2ced652d31b85b2b6591f3205e4b31c753d3f2af71f87171ac782be199d0a7b3920bfd4dccee92004451305201cff19dbc8e8075c9e2bc9be0ce9d6badfed0fe7ddc6af0c5a84f3849172b9524ae71c0e40c7d2bdb7c5d3b5df89ae66919bc9889dc33c632463ebc56b4a95a7ce694e0a56b9ca6b5334b70ab33bcf72c3939e00ace93720222451c735319b748f70ea4c92b67078e3a5365fb5320fb3c0c49e570a4f7ad7d8ce4eed9d6eb421b3d8cd9ade652412a49f989fe95d3f85b4b934cb19aeaf1d55a65e8bd9073d7e98ac9f0ce89a9eadad436ed6970dfc455109e01e7a57a26a7a16ad2cd0d9b584d1b31595b2006d808e4e7d718a78a8282e4523968d75564ea389cf3c51c51c9752b6c0486cbf45551debc8bc4910bed4ae2485d1e2773b8f4fd3fad771f173526b3863d16143e6c8374f82410bdb8f4ff000af2fb89af155c8ede9450a1ec69b9773575635e7caba15753b093cbc8246d19e3f2adef878861b0935066200ca8f98838ce4d7197dac4f12152c403c118ebfe7f0aeebc32239f43b28b6840e86694af191d71593c43847999a4a9a9cae8ebf4fd72e6ddc2c771236d5e49e6ba1d175fd62eef62b68944cd2f18f4ae4ac2e22bdf0645a8cca90dc35e1b68621cf98a012ed9f6e07e35d87c2fb7446d42fc82ef120850119c96e719c7b0fcfad6b87ad4a549ce51396bd1abed1538b3d9349f17c56f676da1a44e90c683ce6041cae0eefc58fe99e6a2f197c43d2d248adb4f9a259a221e4918e429c1c0c0ff0038ae1fc45a8c7a269b212eb25ccc4950c466463d73ec07e807ad795de5d4af3497370e6471c973d73ea6952c1d1ab7a8c9a95eac24a9a5a9e9bf136eac3c47a50bed5e38a05823e181c104fafe02bcde4f0c40b626786e7018e155bbd4ba5489a9c0b2eaf707ca0dfe896eec7e6cf019b9eb9e83d327bd4da9c8167d96b2b103a276a994e74a3c89e86f4e14dbe75a1c7ea5a5dcdab39319743fc48386fad765f096c6fefb4ed5ae2d22f312c515a5c139cb70a3038cf04fd01f6a6a6c740932152793c647bfe95ea3f00743b88bc25ad5f88e311ea378b843f78a44a79fcdeb9ea6214637b6a747237eeb7b9e6c75c8ecee64674c646c524e0107a903b9fe42b0b59b9bcbdbcf3ae190c5b47958f4ef5e9bf163c02d79a7dbea36761240a22f35e55384c6015c8e9d79ec7eb5c6689e1cfb4c70db5ccf2c76f0637923938390a2b970b8ba8eb7335a0ead0b53e54f53972235472b8c8eb9eb59f6569fdabaf5969e884a492a97c8fe0072dfd7f2af45d53c1b6f1c0cd05f659f854c0c0e38fd6ba4f839e03d28f8e609afae7cd105bb4af116c6e3dc0c76cb74af6d57a1cb2a8ce1afedd38d3377c1fe0dbad7d7795582ca07cac8e3abe3a2fd0126b334bf8573deceb71749bccb315577c90719ff000af6699e4b2b7bc8ecc5be9f6b191e59718dd950080bf5fe75e7177ab6b123e9f19be709e648dc607553cfeb9af2a9e2aa252e4764ce99e1d4da6f746378abc39a7f85ae56ce696020a0949fa9c561cbae6976d0304903301901060551f8a92dc49ab5b492c8ee5a100eeff7bffaf5c540ea8180193d541af455183a4a527a9852954f6d648eb6ff00c65744092255445191fcab2a2d675fba5dc8df26fdc40040fafd7fc2b25c23dcdb412e02c920057f02455eb8bad6edef845690a7d88ba82db0e319fef7ae33fad79589c5c30ef96315f33aa34252d65219aadcdd463f79238c121833673c74fd7f5adef87723ff006e48aea0bbda941ea3e65ff3f8d73de209d5ae5909dcf85ce7a86cd6ff00c36753adf96095cc07048cf01877af5a8e379b0b74ac7156c1af6e9b91db5c48b04f701599a4de8857df62b74fa30af38bd557bcbb95fab4ae4e4e79c9c5753e20f11e97a36b4ff6dbc4e50b952fcee2003eddbeb5e477be2f5d43599a1b18cf95bdd839ef96acf0b2a924d958a54e36d0abe31bf96d26608d184914b018ee300fe86a67d7f54b8b189bed2cac1549db81dab9df1bbcd25d46642c9b931d38ec6b4ec625934b864f3392abc838ada9fb38cfde44f2d4a94da8997e33d62f24b568ee27924479137867cfca0d75bf0c6d224b53a9ce4179724f382a3b5711e28b53716e026d12020e0fa8ff00f5d75ba4eaeb17862130218de48d5154f1f91fe9463145eb164e0a32869236bc4dac1bacf9523044caa907ef572481ae6705d090a3804d2ea3295862446f98a9cf38ab5a426d8816009603bd71c5f2b47aad73ab1a9a05c3e997f6f7a9281e59c3007191c8207d41cd7afde4297fa72b5b1467701e26c67e6ea0e6bc7546c976a30c8ce01e7e9fa57a4fc38bf7b9d2e4b42e09b72307d109c03f81e2ab1b4f992a88e3c3be4938335a548f5ad1da29400b326369fe16c608fcebca2eadded6ee482e3e592362adc7539c57aedac62d35196dc10b15ce658b2780d8f9c7d7bfe75ca7c47d21a3962d5605cab9f2e65c739fe16fe63f2acb0352d2e4e8cd31546cb9d7438cd876f20161d8d330c0e0923767f954f101f30653919383df9a08092e7231cf27bd7554a4e0ec6b0a91a904c8e066421836403d4d1a8786ec35c91677b186756ff5a546d2a7a67ea7ae6a416d348c7cb472831c81c735d568ba6c763048d3ca49953050f7ae69bb2b3329c6eae8f1df887a7e9b6fa8f9d2db95926940df1f46ce7b7afa9e3f1a8a1f879aeb3910cf6400c649761fa6debf8d57f176ba9aedc4520b27804783f7f70e0939ce3ea2baed2bc776aac16ef4f68b3c0d9206c7e0706b954e4b6389c1b235f8642dfc3935e4f70f7ba9cf736fa7d8c7b7086699cf5e724050c7eb8c9ad1f1e6aec9f14acb48d3ae6e2decad228ecc46ae46e5ea5582f1c0c0fc2bb9f08f893c15a84d6116a3a85c0fb224d7f18484a95ba1848f717c701558f04f5a8fe02fc27b8f1d6a977f10b5e01ace1b991ad200c54de4d9c9f708b903df3815ac24deaca51b157f66ed22f2c7c51e22f16de031e9d0492ac2ee0849652c46067009c03f98aebeed975212c46f21884ce5a57278c74017d7fcf3563c637ba96a1a93e9cd08b58ad0f971db801473d4e071e95c54eac19d15db83f7b15e9429fb38eac4939e91d8f43d1b42d02cdf0674beb93c1773f201feef415a774f1202d1496c84703073c9e82bc9b6ccb10f2cb9527d71f8d5bd220b9bdbf4b6792511104c8c4e085c1e01fe5ef8ac5415dca523a269c62a291f41f806d2cb4bd3defee750822b9b91f2edc7cb18233fcaadc1335cdb5c5f477c18ced9e79da8bc0fcc02df8d78f6bb7b2a5988e3dcbe63796ad9e110f04e7b7191597af6bcf61e1e636b74e0b8f26258dc7a11c01ec2b85619569dd48d2551d186c37c670c3abea77575756692195b08f18c308c0c2e3ebd6b8ad47c296cbb96de665e492afd4fff005a9d0f887518be567570dd770c55b6d6a0bee188593a67e95df5a3528a514ee73615c67795ac79f78a3468208bcaba86247fef29c8cfd6ad694248347863898b6d8c2123a1e3a66af78e607974b925c6594643019fff005d41f0f749d5350f0d5a4ab16e69a57f9377cc00fe23c74ff3e9584f92a46d23ae9b6a562e69cb71706232e638e1188917eea02724fbb311d7b015eb1e15d9a4e8365f6b9c42183dc4a33800b70bfa579514985f0891a331a1c31539dd8edf9d5dd44bea7379b7acd285c0114aff002018e30bebcd5ce9a5054e3b1106e737234fc49afda6abac4f24330f2220120c138dbd09e7d735ceea174b7d2b405a4fb1c3fbc94a1fbf8e8a3d8f27f0ab2d6f0aedcc4a817f84d50d7678ecb4cc2459795f6aa8ef9e4f1f4079ade9c96914374b962e77d4ccbcd467fb40193b9402554fdcf6adef0beab30943dd7cd1a9c93df3fd6b0b4ed3de66324fbbcc63939f5ed5b7b23b4b4de31ed5b55a90a9ba39e187a94e3a3dcedadb56d3f52ba4b24b67dec70c76f3b3fa1278fa576b2eb175a401a769b22c36f2b2c31459c28ddc31e3be0135c57c29d3b36f2eaf3025a56c2739e3fce7f3aeab64777ab21232b028639e8cc738fc7683f9d79cdd284ad6b9d1ecea496f6377c77f11afe2f0d0b37b28d3cd754f95b9d8a327f0c0fd6b89b7f1c5a4f81716ac9f37dd0370e9c7eb591e3abb375aa9b72dbd6dd362fbb1e4e7f002b999000787048e73d33f4af4234b0ea9592dce08c3132adbe87a35d6b7a2dcb46125da8db7208c771c7ea6bb1f85be20d0ec27d4f5582d44f74aa21849ce17246eebd3a2fd6bc1634926b945662231c9c76edfd4d7a37876ca4d2bc2d339660f3a965f5ec3bf6ce2b29d1a14a8efb96a75eb56b3563aaf11f882ef53d3ee6fee2e9cee46942af0114e4e07e00571771e3f822b8b6325ab916e0b9201391b4f535ade2ec5a7862ef6606c896318ed960b5e70f13ba619813c0047d79ac69421592ec754a13a777166d7887c431f892486e6d6dddbca4dac31d89ac0478ba1251f1960dd79aecfe1f5b472c17cf24236b6c084f4270d91fa8abb1787ac6e6f2fa4682351e62c6b9fe12154ff0033fce8a95d537ecd6c3a14affbc679d3ab4be56652a5413d7f956a4973aa8b1fb18ba842bf56dbf30fccfd39acef1069e90eb17b1db332c49215e7db8edf4aa13addb9c0b8e3d371cd635b0b19da525734a756eda8970bd95a2efb8ba2ec0ab0e7249ef556dbc4b7915eacba55bed64276bb03c8e9c9fe95463d1d1e4f32672ed9c6243915a02248617da8985edd85691b461ca8254d49a6cc7bbb33777135ddfc86e659325b77201ef81e950e896109d6e0f2c30ea40038e87ffaf5a123920aee18c1ebf4a341dc7c416d18dbf78f45cf63deba21a5266389e5e74647c49b77b4d451586770273bbd30299a1c99d3540c0c2e318ef56fe2c10daec71951f34391f364e4b37f4154342574b4f98e40e79f6e2b9a326da358595ec41aa9659621b864b8c023af5aa5e14ba6bad392091f0d672bf00f2149ce7e809c55dbc8cc97d0a6480187de1fcab9cd0256b1f155d421be5995d0e7df9fe95ad7938cd2386936dfcce9ee2533dfaa800a2f5e3f2ae86d4b2a8440011d7e5ae7b4884090cf8decd90dbbb73c62ba4b62b9c283b7b007f5ac526cf4e3eeeacb2115b3231618ea456c786afe4d2f5286e937ed3f23e4e72bdf22b3a1425086036f739c9f6ab961637573208a188f3f75dc607e19af4a8d28ce0d48f3b1953d9cd4e9ab9eaf7886f6d2392d9944aa56485cfa8e47e1d8fd4d23a26ada5b6d85ca4ebb5948e626ee0ffb4a6aff00c1fd1daf51b4fd45c878413133f1950391ef8c66bd17fb1f4bd0f508e6e3ecf76424aa7f8261f75fdb70f94fbedf7af1ea57a787a9cb1d59bd3557131e693d0f95eff48bfd3efdace685c321f99829c11fde1f5a2d2c63958477194427b039e2bdd3e335ad8cd6c971a72462e6dd48650376f53d4fb60e0fe75e117f2bcc8b22b1003f2a4f6af6e9d5fad51e66ac79315f55afc9bdceaecaeb4ab38bcb47556c7cb9c76e71d6ab5f3c17aaa14a65bb86208ae1e479964c872ddb667b54b637b3c72001d82fa0cf1f9d704b0bd533d1f6ee3a3479ce9d15b8842c916f07ae7bd5a92e2cf708a18b24739aa16808188d955dc649e46c154af2e0472345012ce461a41dfe95e70b55a1a936a4b1ed01999b18dabfe35f50fc11f8852785be15d8a6afa4b9792e192c228df2f26f39563e99ec7b8fc2be71f83fe181e25f13451ceaad6766a6e270dc2385fe13fec93807d466bd73c4dabc7f6988598497ecccdb6428065d8619fdb8e067a2e056f4694aa4bc8b528c23ef1d36b7abbcad757b733afdaae8924a9ce3273c7e39ae527bd820015580279dec7ab573cb16a9aadd9db24cc0ae1563eadef8aded37e1a6a57ede65da18109259a66cefc71f77d726bd68e1d5ef524653c4ca30b4226d783a482eaea7bbb8950a40a16319030cddf1ec0115d0192de6d44244ca91c518772bfdf6385fa7463f9575df0fbe0be9169e19867bf999e79b32360608f6fa1c56e697f0e7458f4f6bcf36547b82652c7046ded8e33d00af23135a8caa692d0eba32a9c97944f09f881aa9f321b38a50072ec73f97eb5c44b3c92954dfe62273d73815db78a7c262e7539e78af131bb6f2bce01e3a7b66b93d5f45bed3f7eeb76d80fde56c57a51a70a74d72bd4e6a5539eabe75a19134ec2419e4fa119cd4697bb46d6fcc77a64b281bcc8a0b1ef54ee76c89ba338d83a77ac6f25f11d2d465f01a5fdb050f932b298c2ff1d76be19d452d7e1b0bd85b6bc8a6287670793c91f8eefc85791dc49ba37824e01f4edc575de157b88bc0f616772c432dc3c8a77754c8c37e62b270bc9489bb49c0d38f31c6b83b881c71da9ed2ac600639fa76aa8d205550548083819a8033336ec9c7e55527766aa3ca922e799b989ea2b2ef94ddea0140dcb18dbb7d73d7f4ad004ac5bdb9e39fa53f4bb658e332c87f78e77107d4d694fdc4e437072b244b0c3e4273c023a62a96a6d24ef0da5b81be5655e7eb5a3331248561c6693c15642fbc650ee1fbbb652cd95fbdc1cfe6030fc6b09cb46c6ef7b743d67c3f642c34a8ad41236260fb93fe452698e91c125e33ed494b49bbd1780a7fef9c1fc6a5d5e56834e95a21876f95189fe26200fe759de2678ec3c2d3ac5fbb77410c631fc27823f215c70f7a49770a92b44f3ebc94dc5c4d779de6491a4393d39aa8db8ee63c678e3bf7a9b2a5151b69cf1f8f5a86f1ff0073f2e3a92bdf935ea55d6c8c30cad1721fa549bc895473248a8a08cf19c11f9935eaf7f19786189418d5a58540c7406451fd6bc92ddc0fb1c512a9deea0293ea738fc7ad7b44d1b6eb5895b9f3449bb2738009fe7b6b971bba43c2fbcdb30fe234be5e8eb081833dc28231fc232dfcd47e75e7f295042825c905b27daba8f89573bef6d20c82e91961cfde2cc063f4fd6b9299d8caec54e480bfd6b6c246d60c4bfdd9e8df0fe358f44df807cc99c938c0e3031f5ad2d2a62d6ceec58179e51f39ebf39007e959fe09263f0cda315e58bb1efc17352685386b24427e5df2b83ec646e05705577a86b4d72d3479c5f3f9da94cdbb25a562c07ae4f3503b1de58b051b7038e950cd29fb73ab3b60bb103be2a390928769ec0d7a957648e7c23d644b2cde5955cae31e98aa57528118cf1c918fc2919864725475245453b7eeb7019dddab0494753a2ecab7132468e467e949e1a679b5e8245f9761249c67b554be63e5b76c9ebed5abf0fad83eb2e4fc9fbb6da49ebc8eb5ac5af64d9cf88f8d232fc724cde256dca7688f39edd4feb49a785480004903d4f357fc5d12a7891db6800a00188f7acdb67543e564118c9239158c36563a231b14751daba84209206e1c0f4ae64fcfe29ca02c32718faf5ae82fa4ff004f4231b07cc7f2aa5e07f2878f2d9270a5258dd0ee1c1ce7ff00ad5789972cd3671460dab2ea6ee98c7cb2a40076f5c56eda659711b649e064f53fe4d47ad6931e957df20221979500703d47e75d2f8274849996e6e550c61b7ae7ad55e105cc6ae5397b8cbfe19d0a4b9844d381bb23233c0278ebf8f4aee228ed2188186352d181b4b0acf406321634fddf4f4ab293c36c774ae32a3a16fe75c4eb4e72ba3a634e9a8b8bdcd1b2d46eadaf21bcb5728f1b020a8207d3f2fe75dbf89b5ab4d5b41502e3fe3ea32a554fdd3fd7079fcabc7f57f1222452c709ddcf071d2a9784fc4446a82c6e27263b8394c9c047fafa1c818f535d15b0c9af6b6d8e5a33709725f43b5b6bb966df15d49bee221b65627ef8ecc07d2b83f18e97fd9f72678509b69cfcaa3aa1fee8f6ff001aed75188ab47771464cd1b152b8e5d48e54ff004f7fad32f2ced756d38c2e774332651b192b9ee3e9d2b9e8e2a7096bb1d15b0f06b45a9e4b73e58639249ce0e3b5394c617ee818ea7d6ac6bb632d95ebc5290244cab281d41e87155037ce43121875c77aee9cadb0a2d548edb1ffd9, '../images/20150411_202148.jpg');
INSERT INTO `system_users` (`user_id`, `user_fname`, `user_sname`, `user_picture`, `path`) VALUES
(2, 'David', 'Tandoh', 0xffd8ffe110bf4578696600004d4d002a000000080007011200030000000100010000011a00050000000100000062011b0005000000010000006a012800030000000100020000013100020000001c0000007201320002000000140000008e8769000400000001000000a4000000d0002dc6c000002710002dc6c00000271041646f62652050686f746f73686f70204353352057696e646f777300323031343a30363a30342031333a30343a35390000000003a00100030000000100010000a0020004000000010000070ea00300040000000100000a620000000000000006010300030000000100060000011a0005000000010000011e011b0005000000010000012601280003000000010002000002010004000000010000012e020200040000000100000f890000000000000048000000010000004800000001ffd8ffed000c41646f62655f434d0001ffee000e41646f626500648000000001ffdb0084000c08080809080c09090c110b0a0b11150f0c0c0f1518131315131318110c0c0c0c0c0c110c0c0c0c0c0c0c0c0c0c0c0c0c0c0c0c0c0c0c0c0c0c0c0c0c0c0c0c010d0b0b0d0e0d100e0e10140e0e0e14140e0e0e0e14110c0c0c0c0c11110c0c0c0c0c0c110c0c0c0c0c0c0c0c0c0c0c0c0c0c0c0c0c0c0c0c0c0c0c0c0c0c0c0cffc000110800a0006d03012200021101031101ffdd00040007ffc4013f0000010501010101010100000000000000030001020405060708090a0b0100010501010101010100000000000000010002030405060708090a0b1000010401030204020507060805030c33010002110304211231054151611322718132061491a1b14223241552c16233347282d14307259253f0e1f163733516a2b283264493546445c2a3743617d255e265f2b384c3d375e3f3462794a485b495c4d4e4f4a5b5c5d5e5f55666768696a6b6c6d6e6f637475767778797a7b7c7d7e7f711000202010204040304050607070605350100021103213112044151617122130532819114a1b14223c152d1f0332462e1728292435315637334f1250616a2b283072635c2d2449354a317644555367465e2f2b384c3d375e3f34694a485b495c4d4e4f4a5b5c5d5e5f55666768696a6b6c6d6e6f62737475767778797a7b7c7ffda000c03010002110311003f00f4e01f6becfd239818eda0363c1aefce6bbf793fa2ff00f4d67fd0ff00c82547d3bffe33fef8c45718092909ade3fc359ff43ff20a043c7f867ffd1ffc8293dc82e7a4a67fa4ff004cff00fa3ff904bdfdee7ffd1ffc8201b484375d0929b727fd33ff00e87fe41317b87f867ffd1ffc82a2ec93e28366586b4b9ce0d6b412e7130001ab9ce494e89b9dfe99ff00f47ff2090b9c7fc33ffe8ffe4179e754ff0018368b5d5749a9a5834fb45c09dde75d3eddadff008c5428fafdf582bb03ad34dedef5babdbf73ea2d735253eacd2e77f867ff00d1ff00c8220adc7fc359ff0043ff0020b99fabbf5a70facb08ac1a72ab1366338c98ff004953b4f56bff00a85d1556ca4a4be8bffd3d9ff43ff20a3bdf3e96e3fce6cdfa6e8d9eaf86d4569940ff000fff005eff00d14929ffd0f4fa3e9dff00f19ff7c629587451a8c3afff008cff00be3145ee4948de505e54de505e525237b957b1e8b61552d724a62fb1737f5c73cd7d3861d4efd2653c36c03915b7dfb5dff18ed8b79c64ae4baa8b2ec9dba98717d83bcc9f6ff612538f83d2ed2f165c06d6ea1be6ba2c2e9d897d45b9340b1bf0d47f9bee53af19d76110c6388609706121c63f94cf729e00cd67a4dc72fa85a1af145e5b7d7eef7baaaf2eb8b29b59f45deefa6929cdc9e976749cda3a974a739fe83c586be4ed9f78047d3adecdcc7af4ac778274e3b7c172a5d4bf359549664d82763b8701f4dcd77d17d95fd27ffe0aba3c5724a75ab3a217f87ffaf7fe8a53a8e8a1fe1ffebdff00a29253ffd1f4eafe95dff19ff7c6283d4ebfa577fc67fdf18a16049481c505e512c30abd8f4948ec2a9dae46b1eab3e4c91c0d49ec07994948f9701e2b130cb72b2722d30e2fb1c47c261bff00455fe9396debd99d470f02c68a30ea0c196350ebedde07a71fe029f4fe9ff847ac715dfd2ba81c3ca69a6d23469ef1f9cc77f84adff99635253d1f4979aac2cadad6b8cfd2204c7ee850f5722ec8b9d6bd9596d44bf0dc1d5dad0ef6cecb1addee77fa4a9cb32ffb3bf1d97b99f690c799b2a23d467e6bdb53ff0035dfbcc476e06339d5df49f59a5bfa23630b1cc20e8f75677318f6ff00dd7f4abb7fd07e7a4a6c74ee9a3041ade77963cbab2e83b666361ff8a77a6f77f845b988ed42cdac4002660449e55ec63a8494ed526428ff0087ff00af7fe8a4b18e897f87ff00af7fe8a494ff00ffd2f4eabe95dff19ff7c626b53d7f4aeff8cffbe310ae768929ab73a27f8e8b8eea3fe303a2d2e7d786db73ec612ddd580ca891ff000f67d26ffc5d6ad7f8c2ea96e17d5eb594bb6db9b6371411c86bb73eedbff5aaf6af33c600003b0e024a7a2cafadff0058b2ff00983560b0f02a6ef7ff00dbb7eeff00a35ac6cfbfaae4b00cdccbefadce00b2cb0ec3ff005b6ed623d2611b20b1d8ef10092340789494ecff008b7ca185d7fec8e315f50a5cc03fe12afd3d5ff81facb5bfc69e531e3a7e06ed8f6176517b7478ff000548adff009bb9dbdcefea2e33a4dccc5bb1f369d6fc2b59699fa52c3ef67f51ecdec5d7fd6afaa1d73ae75666634d57d1750d6b0bde5adaa0b9e3468dcff6d8929e1fa6f5bb309f6175d734cfe635ae6b89e7d4adf0c6bff96bb2fabff580f53b8e37a5b58ca8bd96ef2f71da5ad77ac61addefdfbff46b37adff008b5bf0f05b7605a72aea81390d1ed9ff008969fdcfe5ac1c5b3270cb32197d9564633c3439cdda5a5c76fa4e63be9b3f7daf494fa7b15dc6e572fd23eb46265b9b8f99b7172ce835fd13cffc1bcff36eff0083b17558ad3305253ab8dc27ff000fff005eff00d14963f097f87ffaf7fe8a494fffd3f4d69875dff19ff7c62ab90ee5589875dff19ff7c62a592e9d3c5253e73fe337a835f9383d31a65d507e55be45ff00a1a07f98db5eb95a6b76dd398d158fac97bb2feb3752b899fd61d534f832a8a183fe82963b5a1bb8f012532a4cd4d778851b1e4e8a18d64e37c1ce1f8a40c9292958a7d3cb00fd0bc41f885ec3f53737edbf56f10b8eeb280ec6b2790ea49a9bff00403178e593b0b873590f1f2fa4bd37fc5b646fc3cfc706436daef6fc2e647fd5d2f494f458ec26dcdadfab45b2d07f75ec6bbfea97937f8c2a462fd63ce630432c6d17b47c5b5cff00d3a5cbd71a63a8e4b3f7a9a9ff008d8cfe0bcc3fc6bd41bd7697c9fd3e25720f6db6d95e8929e4f26e25cf1c81257aa7d47c8bb23eaf61d9738d8f01cc0f76a4b58e2c6c9fe4af25b8fe91c3f78c7cbbaf5afa9158afeacf4c03f3e9f50fc5ef7d87fea9253d6d2744bfc37fd7bff4526a384ffe1bfebdff00a29253ffd4f4a71875dfd7ff00beb165f51c8fb3e3df93de8aacb47c58d759ff007d5a561875dfd7ff00beb171ff00e303a8bb0feafdd55662ecf70c4678ed7fbb21dff6cb5cdfeda4a7cc3158fb7f4963a5cf3bec71e4b9def7ff00d272bf696b319d1e10154ded6c319a31bf48a1defb2d6173bdb5344c78a4a4b8cedb8cdfe512efbca3d224aa1459ec68f257b19c370494908d9609e0e85763fe2bb20b33b27189ff00025a47fc53f755ff0081e43972392de085bffe2f6d757f5babadbf47271ecddf160ffce1253e94d707754ba01d2860713e3b9ce6af31ff001b2f27eb161d7e1895fe375ae3ff0052bd318f2dcdce24805a6a68fea966effaadcbc8febfe5bb2beb7dbb8c8c7a98c6fc1ac2effcf96a4a799b1e77d8ff00dd057b3fd58a7d1e87d36afdcc4a67e6c6bffefcbc59fa5161fde0e3f842f72e8e3f51c4d23f57a74ffadb1253b54709ff00c37fd7bff452548d12ff000dff005eff00d14929ffd5f46b8c3eefebff00df58bcc3fc66e79b3a9e0f4eaf5fb356ec8b3fad77e8eaff00c0abff00a6bd3b23e9ddfd7ffbeb178c7d707beffadbd50b9df42d6d4dfead75b18d6a4a736badb1eed47878945a318f51cdaba7d5fe13739e4766b1a6c79ffa2aad9bd8203c09f232b73ea635b4ddd4fa8bb518784f01c7f79fff00aad253ced474055aa6d21e154ac115b6798128d44978494ead866a056afd45c80cfaddd38bbf3bd6abfcea9ee6ff00d2ad65c03581e48ff5677d7f5aba56d1afda983e4e0f6bbfe81494faa5b6b9bd77371c0043f168b8cf13beea7fefabc73eb0e41bfaef53bc882db3d268f26885eaf9bbff006f752b7698a70b16bdcde46e7e55c5cbc7336c36597d9cbadbdee9fed6d4948f22b26af49a25c406b4799f6ff15eeb8551a995d479ad8d618f16b433fefabc2f2697383b69873b41f1261abde718186eed5d024f9c6a929bf50d147fc3ff00d7bff4529d7c287f87ff00af7fe8a494ff00ffd6f46b84beefebff00df58bc4beb0b5cdfad7d61af327ed9611f030e67fd15ee0e6cbeefebff00df58bc57eb6d459f5c3ab03c9bf77f9cd639253939208f82dfbbd0e97f51ea6567f59eb2f0fb0f7da0ebfd8ad8d633feb8b9fcc24309f004abdf589e0f50a7058669e9b8b463b076dc582fbddff6e5a929cd0cd11f1990e04f6516b7c34456920f6f88494da65a374782d6fa96d6e57d73c2ac0338e6cbbcbd95581bff004ec62e75af3bcad6fabdf582ae83d5999efa0e4b856f66c6b834c3f6b7e919fdd494fa3f59c7b1873735f6061b58d6b8024102b6b8360ff6dcbc609ddb0f62e07f1dcbb6fac5fe33199d84ec7c1c2755658087597b9ae007f2195fe77f5970ed77b2af88fc8929b2faf7b75e0af67faa5917667d5ce97957bb7dd6e3337bbc4b66bdc7f95b58bc746b54f78d17ae7f8be35d9f53fa66c7071aeb756f0396b9b659b98efeaca4a7a5ac6887fe1ffebdff00a291da2103fc3ffd7bff004524a7ffd7f4d60975dff19ff7c62f3aff00185f570b72723ae52de4d66f8f0da2addfd985e8f4fd3bbfe33fef8c42ea383567615f8968f65ec2c27e21253e059600ab776e0aad6bcdf6beeb7dd658e2e73bccaf43ebff00e2e72bf55aba683636c66cc97f66bc1f6d9fd5dab9bbbea4755a3eb0b3a0bdecf5aeacd945f07d37003bfeefbfd8929c16c8e1c47e28ad712d24f2857557635f6e3dec355f43dd5db5bb96bda76bda53824323c525336732856bb75aef286a2b7dad92a9971d49ee49494b58d7104f68e54b6b9cd6ed04ec1bdd1fbad1ee3fd9943b1d2d2baaff00179d11dd63ae9ade2716ac5b86493c45ec763543fadbddbffeb6929c9a8fe8c2f55ff161857e3fd5e7db648af2af75d534f6102b9fed6c5c8fd54ff179d47a932efda05d894e3d869048f75858ed966d9fccda3e9af5bc6c7a7171ebc7a1a19552d0c6347600424a4802adfe1ffebdff00a295a557fc3ffd7bff004524a7ffd0f4fa7e9dff00f19ff7c622c217e92b7bcb585e1eedd20811a35bf9c7f9297ab77fa177f9cdff00c924a4908766351658cb5ec0eb2a9f4de46a27e9414bd5bbfd0bbfce6ffe492f56eff40eff0039bff92494f37f587fc5df45ebdd43f68db65b8b90f01b79a0b40b36fb58f787b5ff00a4d9ecdeb9ceabfe296f6e553fb1f283b11e436e6e46b6563fd256e606b6e6ff0023d8f5e8feaddfe85dfe737ff2497ab77fa177f9cdff00c924a788c8ff0014dd35c1831f32d67b62cdc03a5dfbedfddfea2c4eaffe28fa8e3d4eb7a6e4b32f6349f45e365863f36bfa4c5ea5eaddfe85dfe737ff002497ab77fa177f9cdffc924a7c63eaa7f8bfcdeb9977579e2dc1c5a07bacdbee2e27f9b66ff6af53fab3f553a6fd5bc6751845cf7d81a2dbac8defd85eeaf76d86fb3d572d4f52d1fe00fdedff00c925eaddfe85dfe737ff00249292a741f56eff0042eff39bff00924bd5bbfd0bbfce6ffe492526557fc3ff00d7bff45227ab77fa177f9cdffc928fa764fa9b75dfbf6489fa1e944fd1494fffd9ffed17ca50686f746f73686f7020332e30003842494d04040000000000171c015a00031b25471c015a00031b25471c02000002ec80003842494d04250000000000109e65931ad33b62f9b3bfb2065fcc00273842494d043a000000000093000000100000000100000000000b7072696e744f75747075740000000500000000436c7253656e756d00000000436c7253000000005247424300000000496e7465656e756d00000000496e746500000000436c726d000000004d70426c626f6f6c010000000f7072696e745369787465656e426974626f6f6c000000000b7072696e7465724e616d6554455854000000010000003842494d043b0000000001b200000010000000010000000000127072696e744f75747075744f7074696f6e7300000012000000004370746e626f6f6c0000000000436c6272626f6f6c00000000005267734d626f6f6c000000000043726e43626f6f6c0000000000436e7443626f6f6c00000000004c626c73626f6f6c00000000004e677476626f6f6c0000000000456d6c44626f6f6c0000000000496e7472626f6f6c000000000042636b674f626a630000000100000000000052474243000000030000000052642020646f7562406fe000000000000000000047726e20646f7562406fe0000000000000000000426c2020646f7562406fe000000000000000000042726454556e744623526c74000000000000000000000000426c6420556e744623526c7400000000000000000000000052736c74556e74462350786c4072c000000000000000000a766563746f7244617461626f6f6c010000000050675073656e756d00000000506750730000000050675043000000004c656674556e744623526c74000000000000000000000000546f7020556e744623526c7400000000000000000000000053636c20556e74462350726340590000000000003842494d03ed000000000010012c000000010002012c0000000100023842494d042600000000000e000000000000000000003f8000003842494d040d000000000004000000783842494d04190000000000040000001e3842494d03f3000000000009000000000000000001003842494d271000000000000a000100000000000000023842494d03f5000000000048002f66660001006c66660006000000000001002f6666000100a1999a0006000000000001003200000001005a00000006000000000001003500000001002d000000060000000000013842494d03f80000000000700000ffffffffffffffffffffffffffffffffffffffffffff03e800000000ffffffffffffffffffffffffffffffffffffffffffff03e800000000ffffffffffffffffffffffffffffffffffffffffffff03e800000000ffffffffffffffffffffffffffffffffffffffffffff03e800003842494d0408000000000010000000010000024000000240000000003842494d041e000000000004000000003842494d041a00000000034100000006000000000000000000000a620000070e0000000600410062006100790069006500000001000000000000000000000000000000000000000100000000000000000000070e00000a6200000000000000000000000000000000010000000000000000000000000000000000000010000000010000000000006e756c6c0000000200000006626f756e64734f626a6300000001000000000000526374310000000400000000546f70206c6f6e6700000000000000004c6566746c6f6e67000000000000000042746f6d6c6f6e6700000a6200000000526768746c6f6e670000070e00000006736c69636573566c4c73000000014f626a6300000001000000000005736c6963650000001200000007736c69636549446c6f6e67000000000000000767726f757049446c6f6e6700000000000000066f726967696e656e756d0000000c45536c6963654f726967696e0000000d6175746f47656e6572617465640000000054797065656e756d0000000a45536c6963655479706500000000496d672000000006626f756e64734f626a6300000001000000000000526374310000000400000000546f70206c6f6e6700000000000000004c6566746c6f6e67000000000000000042746f6d6c6f6e6700000a6200000000526768746c6f6e670000070e0000000375726c54455854000000010000000000006e756c6c54455854000000010000000000004d7367655445585400000001000000000006616c74546167544558540000000100000000000e63656c6c54657874497348544d4c626f6f6c010000000863656c6c546578745445585400000001000000000009686f727a416c69676e656e756d0000000f45536c696365486f727a416c69676e0000000764656661756c740000000976657274416c69676e656e756d0000000f45536c69636556657274416c69676e0000000764656661756c740000000b6267436f6c6f7254797065656e756d0000001145536c6963654247436f6c6f7254797065000000004e6f6e6500000009746f704f75747365746c6f6e67000000000000000a6c6566744f75747365746c6f6e67000000000000000c626f74746f6d4f75747365746c6f6e67000000000000000b72696768744f75747365746c6f6e6700000000003842494d042800000000000c000000023ff00000000000003842494d04140000000000040000000d3842494d040c000000000fa5000000010000006d000000a0000001480000cd0000000f8900180001ffd8ffed000c41646f62655f434d0001ffee000e41646f626500648000000001ffdb0084000c08080809080c09090c110b0a0b11150f0c0c0f1518131315131318110c0c0c0c0c0c110c0c0c0c0c0c0c0c0c0c0c0c0c0c0c0c0c0c0c0c0c0c0c0c0c0c0c0c010d0b0b0d0e0d100e0e10140e0e0e14140e0e0e0e14110c0c0c0c0c11110c0c0c0c0c0c110c0c0c0c0c0c0c0c0c0c0c0c0c0c0c0c0c0c0c0c0c0c0c0c0c0c0c0cffc000110800a0006d03012200021101031101ffdd00040007ffc4013f0000010501010101010100000000000000030001020405060708090a0b0100010501010101010100000000000000010002030405060708090a0b1000010401030204020507060805030c33010002110304211231054151611322718132061491a1b14223241552c16233347282d14307259253f0e1f163733516a2b283264493546445c2a3743617d255e265f2b384c3d375e3f3462794a485b495c4d4e4f4a5b5c5d5e5f55666768696a6b6c6d6e6f637475767778797a7b7c7d7e7f711000202010204040304050607070605350100021103213112044151617122130532819114a1b14223c152d1f0332462e1728292435315637334f1250616a2b283072635c2d2449354a317644555367465e2f2b384c3d375e3f34694a485b495c4d4e4f4a5b5c5d5e5f55666768696a6b6c6d6e6f62737475767778797a7b7c7ffda000c03010002110311003f00f4e01f6becfd239818eda0363c1aefce6bbf793fa2ff00f4d67fd0ff00c82547d3bffe33fef8c45718092909ade3fc359ff43ff20a043c7f867ffd1ffc8293dc82e7a4a67fa4ff004cff00fa3ff904bdfdee7ffd1ffc8201b484375d0929b727fd33ff00e87fe41317b87f867ffd1ffc82a2ec93e28366586b4b9ce0d6b412e7130001ab9ce494e89b9dfe99ff00f47ff2090b9c7fc33ffe8ffe4179e754ff0018368b5d5749a9a5834fb45c09dde75d3eddadff008c5428fafdf582bb03ad34dedef5babdbf73ea2d735253eacd2e77f867ff00d1ff00c8220adc7fc359ff0043ff0020b99fabbf5a70facb08ac1a72ab1366338c98ff004953b4f56bff00a85d1556ca4a4be8bffd3d9ff43ff20a3bdf3e96e3fce6cdfa6e8d9eaf86d4569940ff000fff005eff00d14929ffd0f4fa3e9dff00f19ff7c629587451a8c3afff008cff00be3145ee4948de505e54de505e525237b957b1e8b61552d724a62fb1737f5c73cd7d3861d4efd2653c36c03915b7dfb5dff18ed8b79c64ae4baa8b2ec9dba98717d83bcc9f6ff612538f83d2ed2f165c06d6ea1be6ba2c2e9d897d45b9340b1bf0d47f9bee53af19d76110c6388609706121c63f94cf729e00cd67a4dc72fa85a1af145e5b7d7eef7baaaf2eb8b29b59f45deefa6929cdc9e976749cda3a974a739fe83c586be4ed9f78047d3adecdcc7af4ac778274e3b7c172a5d4bf359549664d82763b8701f4dcd77d17d95fd27ffe0aba3c5724a75ab3a217f87ffaf7fe8a53a8e8a1fe1ffebdff00a29253ffd1f4eafe95dff19ff7c6283d4ebfa577fc67fdf18a16049481c505e512c30abd8f4948ec2a9dae46b1eab3e4c91c0d49ec07994948f9701e2b130cb72b2722d30e2fb1c47c261bff00455fe9396debd99d470f02c68a30ea0c196350ebedde07a71fe029f4fe9ff847ac715dfd2ba81c3ca69a6d23469ef1f9cc77f84adff99635253d1f4979aac2cadad6b8cfd2204c7ee850f5722ec8b9d6bd9596d44bf0dc1d5dad0ef6cecb1addee77fa4a9cb32ffb3bf1d97b99f690c799b2a23d467e6bdb53ff0035dfbcc476e06339d5df49f59a5bfa23630b1cc20e8f75677318f6ff00dd7f4abb7fd07e7a4a6c74ee9a3041ade77963cbab2e83b666361ff8a77a6f77f845b988ed42cdac4002660449e55ec63a8494ed526428ff0087ff00af7fe8a4b18e897f87ff00af7fe8a494ff00ffd2f4eabe95dff19ff7c626b53d7f4aeff8cffbe310ae768929ab73a27f8e8b8eea3fe303a2d2e7d786db73ec612ddd580ca891ff000f67d26ffc5d6ad7f8c2ea96e17d5eb594bb6db9b6371411c86bb73eedbff5aaf6af33c600003b0e024a7a2cafadff0058b2ff00983560b0f02a6ef7ff00dbb7eeff00a35ac6cfbfaae4b00cdccbefadce00b2cb0ec3ff005b6ed623d2611b20b1d8ef10092340789494ecff008b7ca185d7fec8e315f50a5cc03fe12afd3d5ff81facb5bfc69e531e3a7e06ed8f6176517b7478ff000548adff009bb9dbdcefea2e33a4dccc5bb1f369d6fc2b59699fa52c3ef67f51ecdec5d7fd6afaa1d73ae75666634d57d1750d6b0bde5adaa0b9e3468dcff6d8929e1fa6f5bb309f6175d734cfe635ae6b89e7d4adf0c6bff96bb2fabff580f53b8e37a5b58ca8bd96ef2f71da5ad77ac61addefdfbff46b37adff008b5bf0f05b7605a72aea81390d1ed9ff008969fdcfe5ac1c5b3270cb32197d9564633c3439cdda5a5c76fa4e63be9b3f7daf494fa7b15dc6e572fd23eb46265b9b8f99b7172ce835fd13cffc1bcff36eff0083b17558ad3305253ab8dc27ff000fff005eff00d14963f097f87ffaf7fe8a494fffd3f4d69875dff19ff7c62ab90ee5589875dff19ff7c62a592e9d3c5253e73fe337a835f9383d31a65d507e55be45ff00a1a07f98db5eb95a6b76dd398d158fac97bb2feb3752b899fd61d534f832a8a183fe82963b5a1bb8f012532a4cd4d778851b1e4e8a18d64e37c1ce1f8a40c9292958a7d3cb00fd0bc41f885ec3f53737edbf56f10b8eeb280ec6b2790ea49a9bff00403178e593b0b873590f1f2fa4bd37fc5b646fc3cfc706436daef6fc2e647fd5d2f494f458ec26dcdadfab45b2d07f75ec6bbfea97937f8c2a462fd63ce630432c6d17b47c5b5cff00d3a5cbd71a63a8e4b3f7a9a9ff008d8cfe0bcc3fc6bd41bd7697c9fd3e25720f6db6d95e8929e4f26e25cf1c81257aa7d47c8bb23eaf61d9738d8f01cc0f76a4b58e2c6c9fe4af25b8fe91c3f78c7cbbaf5afa9158afeacf4c03f3e9f50fc5ef7d87fea9253d6d2744bfc37fd7bff4526a384ffe1bfebdff00a29253ffd4f4a71875dfd7ff00beb165f51c8fb3e3df93de8aacb47c58d759ff007d5a561875dfd7ff00beb171ff00e303a8bb0feafdd55662ecf70c4678ed7fbb21dff6cb5cdfeda4a7cc3158fb7f4963a5cf3bec71e4b9def7ff00d272bf696b319d1e10154ded6c319a31bf48a1defb2d6173bdb5344c78a4a4b8cedb8cdfe512efbca3d224aa1459ec68f257b19c370494908d9609e0e85763fe2bb20b33b27189ff00025a47fc53f755ff0081e43972392de085bffe2f6d757f5babadbf47271ecddf160ffce1253e94d707754ba01d2860713e3b9ce6af31ff001b2f27eb161d7e1895fe375ae3ff0052bd318f2dcdce24805a6a68fea966effaadcbc8febfe5bb2beb7dbb8c8c7a98c6fc1ac2effcf96a4a799b1e77d8ff00dd057b3fd58a7d1e87d36afdcc4a67e6c6bffefcbc59fa5161fde0e3f842f72e8e3f51c4d23f57a74ffadb1253b54709ff00c37fd7bff452548d12ff000dff005eff00d14929ffd5f46b8c3eefebff00df58bcc3fc66e79b3a9e0f4eaf5fb356ec8b3fad77e8eaff00c0abff00a6bd3b23e9ddfd7ffbeb178c7d707beffadbd50b9df42d6d4dfead75b18d6a4a736badb1eed47878945a318f51cdaba7d5fe13739e4766b1a6c79ffa2aad9bd8203c09f232b73ea635b4ddd4fa8bb518784f01c7f79fff00aad253ced474055aa6d21e154ac115b6798128d44978494ead866a056afd45c80cfaddd38bbf3bd6abfcea9ee6ff00d2ad65c03581e48ff5677d7f5aba56d1afda983e4e0f6bbfe81494faa5b6b9bd77371c0043f168b8cf13beea7fefabc73eb0e41bfaef53bc882db3d268f26885eaf9bbff006f752b7698a70b16bdcde46e7e55c5cbc7336c36597d9cbadbdee9fed6d4948f22b26af49a25c406b4799f6ff15eeb8551a995d479ad8d618f16b433fefabc2f2697383b69873b41f1261abde718186eed5d024f9c6a929bf50d147fc3ff00d7bff4529d7c287f87ff00af7fe8a494ff00ffd6f46b84beefebff00df58bc4beb0b5cdfad7d61af327ed9611f030e67fd15ee0e6cbeefebff00df58bc57eb6d459f5c3ab03c9bf77f9cd639253939208f82dfbbd0e97f51ea6567f59eb2f0fb0f7da0ebfd8ad8d633feb8b9fcc24309f004abdf589e0f50a7058669e9b8b463b076dc582fbddff6e5a929cd0cd11f1990e04f6516b7c34456920f6f88494da65a374782d6fa96d6e57d73c2ac0338e6cbbcbd95581bff004ec62e75af3bcad6fabdf582ae83d5999efa0e4b856f66c6b834c3f6b7e919fdd494fa3f59c7b1873735f6061b58d6b8024102b6b8360ff6dcbc609ddb0f62e07f1dcbb6fac5fe33199d84ec7c1c2755658087597b9ae007f2195fe77f5970ed77b2af88fc8929b2faf7b75e0af67faa5917667d5ce97957bb7dd6e3337bbc4b66bdc7f95b58bc746b54f78d17ae7f8be35d9f53fa66c7071aeb756f0396b9b659b98efeaca4a7a5ac6887fe1ffebdff00a291da2103fc3ffd7bff004524a7ffd7f4d60975dff19ff7c62f3aff00185f570b72723ae52de4d66f8f0da2addfd985e8f4fd3bbfe33fef8c42ea383567615f8968f65ec2c27e21253e059600ab776e0aad6bcdf6beeb7dd658e2e73bccaf43ebff00e2e72bf55aba683636c66cc97f66bc1f6d9fd5dab9bbbea4755a3eb0b3a0bdecf5aeacd945f07d37003bfeefbfd8929c16c8e1c47e28ad712d24f2857557635f6e3dec355f43dd5db5bb96bda76bda53824323c525336732856bb75aef286a2b7dad92a9971d49ee49494b58d7104f68e54b6b9cd6ed04ec1bdd1fbad1ee3fd9943b1d2d2baaff00179d11dd63ae9ade2716ac5b86493c45ec763543fadbddbffeb6929c9a8fe8c2f55ff161857e3fd5e7db648af2af75d534f6102b9fed6c5c8fd54ff179d47a932efda05d894e3d869048f75858ed966d9fccda3e9af5bc6c7a7171ebc7a1a19552d0c6347600424a4802adfe1ffebdff00a295a557fc3ffd7bff004524a7ffd0f4fa7e9dff00f19ff7c622c217e92b7bcb585e1eedd20811a35bf9c7f9297ab77fa177f9cdff00c924a4908766351658cb5ec0eb2a9f4de46a27e9414bd5bbfd0bbfce6ffe492f56eff40eff0039bff92494f37f587fc5df45ebdd43f68db65b8b90f01b79a0b40b36fb58f787b5ff00a4d9ecdeb9ceabfe296f6e553fb1f283b11e436e6e46b6563fd256e606b6e6ff0023d8f5e8feaddfe85dfe737ff2497ab77fa177f9cdff00c924a788c8ff0014dd35c1831f32d67b62cdc03a5dfbedfddfea2c4eaffe28fa8e3d4eb7a6e4b32f6349f45e365863f36bfa4c5ea5eaddfe85dfe737ff002497ab77fa177f9cdffc924a7c63eaa7f8bfcdeb9977579e2dc1c5a07bacdbee2e27f9b66ff6af53fab3f553a6fd5bc6751845cf7d81a2dbac8defd85eeaf76d86fb3d572d4f52d1fe00fdedff00c925eaddfe85dfe737ff00249292a741f56eff0042eff39bff00924bd5bbfd0bbfce6ffe492526557fc3ff00d7bff45227ab77fa177f9cdffc928fa764fa9b75dfbf6489fa1e944fd1494fffd9003842494d042100000000005500000001010000000f00410064006f00620065002000500068006f0074006f00730068006f00700000001300410064006f00620065002000500068006f0074006f00730068006f0070002000430053003500000001003842494d04060000000000070001000000010100ffe1142a687474703a2f2f6e732e61646f62652e636f6d2f7861702f312e302f003c3f787061636b657420626567696e3d22efbbbf222069643d2257354d304d7043656869487a7265537a4e54637a6b633964223f3e203c783a786d706d65746120786d6c6e733a783d2261646f62653a6e733a6d6574612f2220783a786d70746b3d2241646f626520584d5020436f726520352e302d633036302036312e3133343737372c20323031302f30322f31322d31373a33323a30302020202020202020223e203c7264663a52444620786d6c6e733a7264663d22687474703a2f2f7777772e77332e6f72672f313939392f30322f32322d7264662d73796e7461782d6e7323223e203c7264663a4465736372697074696f6e207264663a61626f75743d222220786d6c6e733a786d703d22687474703a2f2f6e732e61646f62652e636f6d2f7861702f312e302f2220786d6c6e733a70686f746f73686f703d22687474703a2f2f6e732e61646f62652e636f6d2f70686f746f73686f702f312e302f2220786d6c6e733a64633d22687474703a2f2f7075726c2e6f72672f64632f656c656d656e74732f312e312f2220786d6c6e733a786d704d4d3d22687474703a2f2f6e732e61646f62652e636f6d2f7861702f312e302f6d6d2f2220786d6c6e733a73744576743d22687474703a2f2f6e732e61646f62652e636f6d2f7861702f312e302f73547970652f5265736f757263654576656e74232220786d6c6e733a73745265663d22687474703a2f2f6e732e61646f62652e636f6d2f7861702f312e302f73547970652f5265736f75726365526566232220786d703a43726561746f72546f6f6c3d2241646f62652050686f746f73686f70204353352057696e646f77732220786d703a437265617465446174653d22323031342d30362d30345431313a31323a34385a2220786d703a4d65746164617461446174653d22323031342d30362d30345431333a30343a35395a2220786d703a4d6f64696679446174653d22323031342d30362d30345431333a30343a35395a222070686f746f73686f703a436f6c6f724d6f64653d2233222070686f746f73686f703a49434350726f66696c653d22735247422049454336313936362d322e31222064633a666f726d61743d22696d6167652f6a7065672220786d704d4d3a496e7374616e636549443d22786d702e6969643a38383436374634384533454245333131413639304332333846383242323737462220786d704d4d3a446f63756d656e7449443d22786d702e6469643a35383735313931334434454245333131384336324234373039453346443439442220786d704d4d3a4f726967696e616c446f63756d656e7449443d22786d702e6469643a3538373531393133443445424533313138433632423437303945334644343944223e203c70686f746f73686f703a446f63756d656e74416e636573746f72733e203c7264663a4261673e203c7264663a6c693e786d702e6469643a35343735313931334434454245333131384336324234373039453346443439443c2f7264663a6c693e203c7264663a6c693e786d702e6469643a38413931334438364346454145333131383437304633323946443032333746453c2f7264663a6c693e203c2f7264663a4261673e203c2f70686f746f73686f703a446f63756d656e74416e636573746f72733e203c786d704d4d3a486973746f72793e203c7264663a5365713e203c7264663a6c692073744576743a616374696f6e3d2263726561746564222073744576743a696e7374616e636549443d22786d702e6969643a3538373531393133443445424533313138433632423437303945334644343944222073744576743a7768656e3d22323031342d30362d30345431313a31323a34385a222073744576743a736f6674776172654167656e743d2241646f62652050686f746f73686f70204353352057696e646f7773222f3e203c7264663a6c692073744576743a616374696f6e3d227361766564222073744576743a696e7374616e636549443d22786d702e6969643a3746343637463438453345424533313141363930433233384638324232373746222073744576743a7768656e3d22323031342d30362d30345431323a32353a31355a222073744576743a736f6674776172654167656e743d2241646f62652050686f746f73686f70204353352057696e646f7773222073744576743a6368616e6765643d222f222f3e203c7264663a6c692073744576743a616374696f6e3d227361766564222073744576743a696e7374616e636549443d22786d702e6969643a3830343637463438453345424533313141363930433233384638324232373746222073744576743a7768656e3d22323031342d30362d30345431323a32363a33395a222073744576743a736f6674776172654167656e743d2241646f62652050686f746f73686f70204353352057696e646f7773222073744576743a6368616e6765643d222f222f3e203c7264663a6c692073744576743a616374696f6e3d227361766564222073744576743a696e7374616e636549443d22786d702e6969643a3831343637463438453345424533313141363930433233384638324232373746222073744576743a7768656e3d22323031342d30362d30345431323a35393a35365a222073744576743a736f6674776172654167656e743d2241646f62652050686f746f73686f70204353352057696e646f7773222073744576743a6368616e6765643d222f222f3e203c7264663a6c692073744576743a616374696f6e3d227361766564222073744576743a696e7374616e636549443d22786d702e6969643a3832343637463438453345424533313141363930433233384638324232373746222073744576743a7768656e3d22323031342d30362d30345431323a35393a35365a222073744576743a736f6674776172654167656e743d2241646f62652050686f746f73686f70204353352057696e646f7773222073744576743a6368616e6765643d222f222f3e203c7264663a6c692073744576743a616374696f6e3d227361766564222073744576743a696e7374616e636549443d22786d702e6969643a3837343637463438453345424533313141363930433233384638324232373746222073744576743a7768656e3d22323031342d30362d30345431333a30343a35395a222073744576743a736f6674776172654167656e743d2241646f62652050686f746f73686f70204353352057696e646f7773222073744576743a6368616e6765643d222f222f3e203c7264663a6c692073744576743a616374696f6e3d22636f6e766572746564222073744576743a706172616d65746572733d2266726f6d206170706c69636174696f6e2f766e642e61646f62652e70686f746f73686f7020746f20696d6167652f6a706567222f3e203c7264663a6c692073744576743a616374696f6e3d2264657269766564222073744576743a706172616d65746572733d22636f6e7665727465642066726f6d206170706c69636174696f6e2f766e642e61646f62652e70686f746f73686f7020746f20696d6167652f6a706567222f3e203c7264663a6c692073744576743a616374696f6e3d227361766564222073744576743a696e7374616e636549443d22786d702e6969643a3838343637463438453345424533313141363930433233384638324232373746222073744576743a7768656e3d22323031342d30362d30345431333a30343a35395a222073744576743a736f6674776172654167656e743d2241646f62652050686f746f73686f70204353352057696e646f7773222073744576743a6368616e6765643d222f222f3e203c2f7264663a5365713e203c2f786d704d4d3a486973746f72793e203c786d704d4d3a4465726976656446726f6d2073745265663a696e7374616e636549443d22786d702e6969643a3837343637463438453345424533313141363930433233384638324232373746222073745265663a646f63756d656e7449443d22786d702e6469643a3538373531393133443445424533313138433632423437303945334644343944222073745265663a6f726967696e616c446f63756d656e7449443d22786d702e6469643a3538373531393133443445424533313138433632423437303945334644343944222f3e203c2f7264663a4465736372697074696f6e3e203c2f7264663a5244463e203c2f783a786d706d6574613e2020202020202020202020202020202020202020202020202020202020202020202020202020202020202020202020202020202020202020202020202020202020202020202020202020202020202020202020202020202020202020202020202020202020202020202020202020202020202020202020202020202020202020202020202020202020202020202020202020202020202020202020202020202020202020202020202020202020202020202020202020202020202020202020202020202020202020202020202020202020202020202020202020202020202020202020202020202020202020202020202020202020202020202020202020202020202020202020202020202020202020202020202020202020202020202020202020202020202020202020202020202020202020202020202020202020202020202020202020202020202020202020202020202020202020202020202020202020202020202020202020202020202020202020202020202020202020202020202020202020202020202020202020202020202020202020202020202020202020202020202020202020202020202020202020202020202020202020202020202020202020202020202020202020202020202020202020202020202020202020202020202020202020202020202020202020202020202020202020202020202020202020202020202020202020202020202020202020202020202020202020202020202020202020202020202020202020202020202020202020202020202020202020202020202020202020202020202020202020202020202020202020202020202020202020202020202020202020202020202020202020202020202020202020202020202020202020202020202020202020202020202020202020202020202020202020202020202020202020202020202020202020202020202020202020202020202020202020202020202020202020202020202020202020202020202020202020202020202020202020202020202020202020202020202020202020202020202020202020202020202020202020202020202020202020202020202020202020202020202020202020202020202020202020202020202020202020202020202020202020202020202020202020202020202020202020202020202020202020202020202020202020202020202020202020202020202020202020202020202020202020202020202020202020202020202020202020202020202020202020202020202020202020202020202020202020202020202020202020202020202020202020202020202020202020202020202020202020202020202020202020202020202020202020202020202020202020202020202020202020202020202020202020202020202020202020202020202020202020202020202020202020202020202020202020202020202020202020202020202020202020202020202020202020202020202020202020202020202020202020202020202020202020202020202020202020202020202020202020202020202020202020202020202020202020202020202020202020202020202020202020202020202020202020202020202020202020202020202020202020202020202020202020202020202020202020202020202020202020202020202020202020202020202020202020202020202020202020202020202020202020202020202020202020202020202020202020202020202020202020202020202020202020202020202020202020202020202020202020202020202020202020202020202020202020202020202020202020202020202020202020202020202020202020202020202020202020202020202020202020202020202020202020202020202020202020202020202020202020202020202020202020202020202020202020202020202020202020202020202020202020202020202020202020202020202020202020202020202020202020202020202020202020202020202020202020202020202020202020202020202020202020202020202020202020202020202020202020202020202020202020202020202020202020202020202020202020202020202020202020202020202020202020202020202020202020202020202020202020202020202020202020202020202020202020202020202020202020202020202020202020202020202020202020202020202020202020202020202020202020202020202020202020202020202020202020202020202020202020202020202020202020202020202020202020202020202020202020202020202020202020202020202020202020202020202020202020202020202020202020202020202020202020202020202020202020202020202020202020202020202020202020202020202020202020202020202020202020202020202020202020202020202020202020202020202020202020202020202020202020202020202020202020202020202020202020202020202020202020202020202020202020202020202020202020202020202020202020202020202020202020202020202020202020202020202020202020202020202020202020202020202020202020202020202020202020202020202020202020202020202020202020202020202020202020202020202020202020202020202020202020202020202020202020202020202020202020202020202020202020202020202020202020202020202020202020202020202020202020202020202020202020202020203c3f787061636b657420656e643d2277223f3effe20c584943435f50524f46494c4500010100000c484c696e6f021000006d6e74725247422058595a2007ce00020009000600310000616373704d5346540000000049454320735247420000000000000000000000010000f6d6000100000000d32d4850202000000000000000000000000000000000000000000000000000000000000000000000000000000000000000000000001163707274000001500000003364657363000001840000006c77747074000001f000000014626b707400000204000000147258595a00000218000000146758595a0000022c000000146258595a0000024000000014646d6e640000025400000070646d6464000002c400000088767565640000034c0000008676696577000003d4000000246c756d69000003f8000000146d6561730000040c0000002474656368000004300000000c725452430000043c0000080c675452430000043c0000080c625452430000043c0000080c7465787400000000436f70797269676874202863292031393938204865776c6574742d5061636b61726420436f6d70616e790000646573630000000000000012735247422049454336313936362d322e31000000000000000000000012735247422049454336313936362d322e31000000000000000000000000000000000000000000000000000000000000000000000000000000000000000000000000000058595a20000000000000f35100010000000116cc58595a200000000000000000000000000000000058595a200000000000006fa2000038f50000039058595a2000000000000062990000b785000018da58595a2000000000000024a000000f840000b6cf64657363000000000000001649454320687474703a2f2f7777772e6965632e636800000000000000000000001649454320687474703a2f2f7777772e6965632e63680000000000000000000000000000000000000000000000000000000000000000000000000000000000000000000064657363000000000000002e4945432036313936362d322e312044656661756c742052474220636f6c6f7572207370616365202d207352474200000000000000000000002e4945432036313936362d322e312044656661756c742052474220636f6c6f7572207370616365202d20735247420000000000000000000000000000000000000000000064657363000000000000002c5265666572656e63652056696577696e6720436f6e646974696f6e20696e2049454336313936362d322e3100000000000000000000002c5265666572656e63652056696577696e6720436f6e646974696f6e20696e2049454336313936362d322e31000000000000000000000000000000000000000000000000000076696577000000000013a4fe00145f2e0010cf140003edcc0004130b00035c9e0000000158595a2000000000004c09560050000000571fe76d6561730000000000000001000000000000000000000000000000000000028f0000000273696720000000004352542063757276000000000000040000000005000a000f00140019001e00230028002d00320037003b00400045004a004f00540059005e00630068006d00720077007c00810086008b00900095009a009f00a400a900ae00b200b700bc00c100c600cb00d000d500db00e000e500eb00f000f600fb01010107010d01130119011f0125012b01320138013e0145014c0152015901600167016e0175017c0183018b0192019a01a101a901b101b901c101c901d101d901e101e901f201fa0203020c0214021d0226022f02380241024b0254025d02670271027a0284028e029802a202ac02b602c102cb02d502e002eb02f50300030b03160321032d03380343034f035a03660372037e038a039603a203ae03ba03c703d303e003ec03f9040604130420042d043b0448045504630471047e048c049a04a804b604c404d304e104f004fe050d051c052b053a05490558056705770586059605a605b505c505d505e505f6060606160627063706480659066a067b068c069d06af06c006d106e306f507070719072b073d074f076107740786079907ac07bf07d207e507f8080b081f08320846085a086e0882089608aa08be08d208e708fb09100925093a094f09640979098f09a409ba09cf09e509fb0a110a270a3d0a540a6a0a810a980aae0ac50adc0af30b0b0b220b390b510b690b800b980bb00bc80be10bf90c120c2a0c430c5c0c750c8e0ca70cc00cd90cf30d0d0d260d400d5a0d740d8e0da90dc30dde0df80e130e2e0e490e640e7f0e9b0eb60ed20eee0f090f250f410f5e0f7a0f960fb30fcf0fec1009102610431061107e109b10b910d710f511131131114f116d118c11aa11c911e81207122612451264128412a312c312e31303132313431363138313a413c513e5140614271449146a148b14ad14ce14f01512153415561578159b15bd15e0160316261649166c168f16b216d616fa171d17411765178917ae17d217f7181b18401865188a18af18d518fa19201945196b199119b719dd1a041a2a1a511a771a9e1ac51aec1b141b3b1b631b8a1bb21bda1c021c2a1c521c7b1ca31ccc1cf51d1e1d471d701d991dc31dec1e161e401e6a1e941ebe1ee91f131f3e1f691f941fbf1fea20152041206c209820c420f0211c2148217521a121ce21fb22272255228222af22dd230a23382366239423c223f0241f244d247c24ab24da250925382568259725c725f726272657268726b726e827182749277a27ab27dc280d283f287128a228d429062938296b299d29d02a022a352a682a9b2acf2b022b362b692b9d2bd12c052c392c6e2ca22cd72d0c2d412d762dab2de12e162e4c2e822eb72eee2f242f5a2f912fc72ffe3035306c30a430db3112314a318231ba31f2322a3263329b32d4330d3346337f33b833f1342b3465349e34d83513354d358735c235fd3637367236ae36e937243760379c37d738143850388c38c839053942397f39bc39f93a363a743ab23aef3b2d3b6b3baa3be83c273c653ca43ce33d223d613da13de03e203e603ea03ee03f213f613fa23fe24023406440a640e74129416a41ac41ee4230427242b542f7433a437d43c044034447448a44ce45124555459a45de4622466746ab46f04735477b47c04805484b489148d7491d496349a949f04a374a7d4ac44b0c4b534b9a4be24c2a4c724cba4d024d4a4d934ddc4e254e6e4eb74f004f494f934fdd5027507150bb51065150519b51e65231527c52c75313535f53aa53f65442548f54db5528557555c2560f565c56a956f75744579257e0582f587d58cb591a596959b85a075a565aa65af55b455b955be55c355c865cd65d275d785dc95e1a5e6c5ebd5f0f5f615fb36005605760aa60fc614f61a261f56249629c62f06343639763eb6440649464e9653d659265e7663d669266e8673d679367e9683f689668ec6943699a69f16a486a9f6af76b4f6ba76bff6c576caf6d086d606db96e126e6b6ec46f1e6f786fd1702b708670e0713a719571f0724b72a67301735d73b87414747074cc7528758575e1763e769b76f8775677b37811786e78cc792a798979e77a467aa57b047b637bc27c217c817ce17d417da17e017e627ec27f237f847fe5804780a8810a816b81cd8230829282f4835783ba841d848084e3854785ab860e867286d7873b879f8804886988ce8933899989fe8a648aca8b308b968bfc8c638cca8d318d988dff8e668ece8f368f9e9006906e90d6913f91a89211927a92e3934d93b69420948a94f4955f95c99634969f970a977597e0984c98b89924999099fc9a689ad59b429baf9c1c9c899cf79d649dd29e409eae9f1d9f8b9ffaa069a0d8a147a1b6a226a296a306a376a3e6a456a4c7a538a5a9a61aa68ba6fda76ea7e0a852a8c4a937a9a9aa1caa8fab02ab75abe9ac5cacd0ad44adb8ae2daea1af16af8bb000b075b0eab160b1d6b24bb2c2b338b3aeb425b49cb513b58ab601b679b6f0b768b7e0b859b8d1b94ab9c2ba3bbab5bb2ebba7bc21bc9bbd15bd8fbe0abe84beffbf7abff5c070c0ecc167c1e3c25fc2dbc358c3d4c451c4cec54bc5c8c646c6c3c741c7bfc83dc8bcc93ac9b9ca38cab7cb36cbb6cc35ccb5cd35cdb5ce36ceb6cf37cfb8d039d0bad13cd1bed23fd2c1d344d3c6d449d4cbd54ed5d1d655d6d8d75cd7e0d864d8e8d96cd9f1da76dafbdb80dc05dc8add10dd96de1cdea2df29dfafe036e0bde144e1cce253e2dbe363e3ebe473e4fce584e60de696e71fe7a9e832e8bce946e9d0ea5beae5eb70ebfbec86ed11ed9cee28eeb4ef40efccf058f0e5f172f1fff28cf319f3a7f434f4c2f550f5def66df6fbf78af819f8a8f938f9c7fa57fae7fb77fc07fc98fd29fdbafe4bfedcff6dffffffee000e41646f626500648000000001ffdb0084000c08080d090d150c0c151a1410141a201b1a1a1b2022171717171722110c0c0c0c0c0c110c0c0c0c0c0c0c0c0c0c0c0c0c0c0c0c0c0c0c0c0c0c0c0c0c0c0c0c010d0d0d110e111b11111b140e0e0e14140e0e0e0e14110c0c0c0c0c11110c0c0c0c0c0c110c0c0c0c0c0c0c0c0c0c0c0c0c0c0c0c0c0c0c0c0c0c0c0c0c0c0c0cffc00011080a62070e03012200021101031101ffdd00040071ffc4013f0000010501010101010100000000000000030001020405060708090a0b0100010501010101010100000000000000010002030405060708090a0b1000010401030204020507060805030c33010002110304211231054151611322718132061491a1b14223241552c16233347282d14307259253f0e1f163733516a2b283264493546445c2a3743617d255e265f2b384c3d375e3f3462794a485b495c4d4e4f4a5b5c5d5e5f55666768696a6b6c6d6e6f637475767778797a7b7c7d7e7f711000202010204040304050607070605350100021103213112044151617122130532819114a1b14223c152d1f0332462e1728292435315637334f1250616a2b283072635c2d2449354a317644555367465e2f2b384c3d375e3f34694a485b495c4d4e4f4a5b5c5d5e5f55666768696a6b6c6d6e6f62737475767778797a7b7c7ffda000c03010002110311003f00f554924925292492494a4924c929749324929749325292974934a5292974934a5292974934a5292974934a5292974934a5292974934a5292974934a5292974934a5292974934a5292974934a5292974934a5292974934a5292974934a5292974934a5292974934a5292974934a5292974934a5292974934a5292974934a5292974934a5292974934a5292974934a5292974934a5292974934a5292974934a5292974934a5292974934a5292974934a5292974934a5292974934a5292974934a5292974934a5292974934a5292974934a5292974934a5292974934a5292974934a5292974934a5292974934a5292974934a5292974934a5292974934a5292974934a5292974934a5292974934a5292974934a5292974934a5292974934a5292974934a5292974934a5292974934a5292974934a5292974934a5292974934a5292974934a5292974934a5292974934a5292974934a5292974934a5292974934a5292974934a5292974934a5292974934a5292974934a5292974934a5292974934a5292974934a5292974934a5292974934a5292974934a5292974934a5292974934a5292974934a5292974934a5292974934a5292974934a5292974934a5292974934a5292974934a5292974934a5292974934a5292974934a5292974934a5292974934a5292974934a5292974934a5292974934a5292974934a5292974934a5292974934a5292974934a5292974934a5292974934a5292974934a5292974934a5292974934a5292974934a5292974934a5292974934a5292974934a5292974934a5292974934a5292974934a5292974934a492974932492974924925292492494a49249253fffd0f5549249252932499252e9a531298b9253294d2865c98bd2525dc9b720ef4bd44949b725b903d44bd44949f725b903d44bd44949f725b903d44bd44949f725b903d44bd44949f725b903d44bd44949f725b903d44bd44949f725b903d44bd44949f725b903d44bd44949f725b903d44bd44949f725b903d44bd44949f725b903d44bd44949f725b903d44bd44949f725b903d44bd44949f725b903d44bd44949f725b903d44bd44949f725b903d44bd44949f725b903d44bd44949f725b903d44bd44949f725b903d44bd44949f725b903d44bd44949f725b903d44bd44949f725b903d44bd44949f725b903d44bd44949f725b903d44bd44949f725b903d44bd44949f725b903d44bd44949f725b903d44bd44949f725b903d44bd44949f725b903d44bd44949f725b903d44bd44949f725b903d44bd44949f725b903d44bd44949f725b903d44bd44949f725b903d44bd44949f725b903d44bd44949f725b903d44bd44949f725b903d44bd44949f725b903d44bd44949f725b903d44bd44949f725b903d44bd44949f725b903d44bd44949f725b903d44bd44949f725b903d44bd44949f725b903d44bd44949f725b903d44bd44949f725b903d44bd44949f725b903d44bd44949f725b903d44bd44949f725b903d44bd44949f725b903d44bd44949f725b903d44bd44949f725b903d44bd44949f725b903d44bd44949f725b903d44bd44949f725b903d44bd44949f725b903d44bd44949f725b903d44bd44949f725b903d44bd44949f725b903d44bd44949f725b903d44bd44949f725b903d44bd44949f725b903d44bd44949f725b903d44bd44949f725b903d44bd44949f725b903d44bd44949f725b903d44bd44949f725b903d44bd44949f725b903d44bd44949f725b903d44bd44949f725b903d44bd44949f725b903d44bd44949f725b903d44bd44949f725b903d44bd44949f725b903d44bd44949f725b903d44bd44949f725b903d44bd44949f725b903d44bd44949f725b903d44bd44949f725b903d44bd44949f725b903d44bd44949f725b903d44bd44949f725b903d44bd44949f725b903d44bd44949f725b903d44bd44949f725b903d44bd44949f725b903d44bd44949f725b903d44bd44949f725b903d44bd44949f725b903d44bd44949f725b903d44bd44949f725b903d44bd44949f725b903d44bd44949f725b903d44bd44949f725b903d44bd44949f725b903d44bd44949f725b903d44bd44949f725b903d44bd44949f725b903d44bd44949f725b903d44bd44949f725b903d44bd44949f725b903d44bd44949f725b903d44bd44949f725b903d44bd44949f727dc81ea27de92934a79410f520e4949253a802a40a4a5d3a649252e924924a7ffd1f554924c9294a24a72a2e29296250dce49ce417bd253273d0cd884fb101d724a6c9b537aaa9baf5037a4a6f7ac97aca87ae97ae929bfeb25eb2a1eba5eba4a6ffac97aca87ae97ae929bfeb25eb2a1eba5eba4a6ff00ac97aca87ae97ae929bfeb25eb2a1eba5eba4a6ffac97aca87ae97ae929bfeb25eb2a1eba5eba4a6ff00ac97aca87ae97ae929bfeb25eb2a1eba5eba4a6ffac97aca87ae97ae929bfeb25eb2a1eba5eba4a6ff00ac97aca87ae97ae929bfeb25eb2a1eba5eba4a6ffac97aca87ae97ae929bfeb25eb2a1eba5eba4a6ff00ac97aca87ae97ae929bfeb25eb2a1eba5eba4a6ffac97aca87ae97ae929bfeb25eb2a1eba5eba4a6ff00ac97aca87ae97ae929bfeb25eb2a1eba5eba4a6ffac97aca87ae97ae929bfeb25eb2a1eba5eba4a6ff00ac97aca87ae97ae929bfeb25eb2a1eba5eba4a6ffac97aca87ae97ae929bfeb25eb2a1eba5eba4a6ff00ac97aca87ae97ae929bfeb25eb2a1eba5eba4a6ffac97aca87ae97ae929bfeb25eb2a1eba5eba4a6ff00ac97aca87ae97ae929bfeb25eb2a1eba5eba4a6ffac97aca87ae97ae929bfeb25eb2a1eba5eba4a6ff00ac97aca87ae97ae929bfeb25eb2a1eba5eba4a6ffac97aca87ae97ae929bfeb25eb2a1eba5eba4a6ff00ac97aca87ae97ae929bfeb25eb2a1eba5eba4a6ffac97aca87ae97ae929bfeb25eb2a1eba5eba4a6ff00ac97aca87ae97ae929bfeb25eb2a1eba5eba4a6ffac97aca87ae97ae929bfeb25eb2a1eba5eba4a6ff00ac97aca87ae97ae929bfeb25eb2a1eba5eba4a6ffac97aca87ae97ae929bfeb25eb2a1eba5eba4a6ff00ac97aca87ae97ae929bfeb25eb2a1eba5eba4a6ffac97aca87ae97ae929bfeb25eb2a1eba5eba4a6ff00ac97aca87ae97ae929bfeb25eb2a1eba5eba4a6ffac97aca87ae97ae929bfeb25eb2a1eba5eba4a6ff00ac97aca87ae97ae929bfeb25eb2a1eba5eba4a6ffac97aca87ae97ae929bfeb25eb2a1eba5eba4a6ff00ac97aca87ae97ae929bfeb25eb2a1eba5eba4a6ffac97aca87ae97ae929bfeb25eb2a1eba5eba4a6ff00ac97aca87ae97ae929bfeb25eb2a1eba5eba4a6ffac97aca87ae97ae929bfeb25eb2a1eba5eba4a6ff00ac97aca87ae97ae929bfeb25eb2a1eba5eba4a6ffac97aca87ae97ae929bfeb25eb2a1eba5eba4a6ff00ac97aca87ae97ae929bfeb25eb2a1eba5eba4a6ffac97aca87ae97ae929bfeb25eb2a1eba5eba4a6ff00ac97aca87ae97ae929bfeb25eb2a1eba5eba4a6ffac97aca87ae97ae929bfeb25eb2a1eba5eba4a6ff00ac97aca87ae97ae929bfeb25eb2a1eba5eba4a6ffac97aca87ae97ae929bfeb25eb2a1eba5eba4a6ff00ac97aca87ae97ae929bfeb25eb2a1eba5eba4a6ffac97aca87ae97ae929bfeb25eb2a1eba5eba4a6ff00ac97aca87ae97ae929bfeb25eb2a1eba5eba4a6ffac97aca87ae97ae929bfeb25eb2a1eba5eba4a6ff00ac97aca87ae97ae929bfeb25eb2a1eba5eba4a6ffac97aca87ae97ae929bfeb25eb2a1eba5eba4a6ff00ac97aca87ae97ae929bfeb25eb2a1eba5eba4a6ffac97aca87ae97ae929d016a90b5678bd4db724a7405888d7aa0db5199624a6eb5ca60aaec7a2b5c929304ea00a98494ba4924929fffd2f554c9d324a58a138a21427949489ee55ac7a2d8553b9c929dd4924925292492494a4924925292492494a4924925292492494a49249252c92749252c924924a5249249294924924a5264e9925292492494b249d2494b4249249296493a492964924925292492494b249249294924924a5924e924a592492494a49249252c9274c9294924924a592492494a492492529249324a5249249294924924a5249249294993a492964924925293a64e9294924924a5924e9925292492494a4924925292492494a4e993a4a524924929749327494a4924925293a64e92949d32492974924925292492494a4924925292492494a4924925292492494a4924925292492494a492492529249324a5d24c924a5d24d2924a52494a4929492649252e92649252924c924a5d32499252e92649252e9924a5252924c924a5d24d294a4a5e524d29a5252e9d4653a4a5d34a6949252f294a694a5252e94a694925324c9a529494ba75, '../images/877887.jpg'),
(3, 'Mohammed', 'Dahir', '', '../images/65456.jpg'),
(4, 'Julateh', 'Kpannah', '', '../images/user-48.png');

--
-- Indexes for dumped tables
--

--
-- Indexes for table `system_login`
--
ALTER TABLE `system_login`
 ADD PRIMARY KEY (`user_id`);

--
-- Indexes for table `system_tasks`
--
ALTER TABLE `system_tasks`
 ADD PRIMARY KEY (`task_id`);

--
-- Indexes for table `system_users`
--
ALTER TABLE `system_users`
 ADD PRIMARY KEY (`user_id`);

--
-- AUTO_INCREMENT for dumped tables
--

--
-- AUTO_INCREMENT for table `system_login`
--
ALTER TABLE `system_login`
MODIFY `user_id` int(36) NOT NULL AUTO_INCREMENT,AUTO_INCREMENT=5;
--
-- AUTO_INCREMENT for table `system_tasks`
--
ALTER TABLE `system_tasks`
MODIFY `task_id` int(36) NOT NULL AUTO_INCREMENT,AUTO_INCREMENT=189;
--
-- AUTO_INCREMENT for table `system_users`
--
ALTER TABLE `system_users`
MODIFY `user_id` int(50) NOT NULL AUTO_INCREMENT,AUTO_INCREMENT=5;
/*!40101 SET CHARACTER_SET_CLIENT=@OLD_CHARACTER_SET_CLIENT */;
/*!40101 SET CHARACTER_SET_RESULTS=@OLD_CHARACTER_SET_RESULTS */;
/*!40101 SET COLLATION_CONNECTION=@OLD_COLLATION_CONNECTION */;
